-- phpMyAdmin SQL Dump
-- version 5.2.1
-- https://www.phpmyadmin.net/
--
-- Host: localhost:3306
-- Generation Time: Oct 28, 2023 at 06:43 PM
-- Server version: 10.5.20-MariaDB
-- PHP Version: 7.3.33

SET SQL_MODE = "NO_AUTO_VALUE_ON_ZERO";
START TRANSACTION;
SET time_zone = "+00:00";


/*!40101 SET @OLD_CHARACTER_SET_CLIENT=@@CHARACTER_SET_CLIENT */;
/*!40101 SET @OLD_CHARACTER_SET_RESULTS=@@CHARACTER_SET_RESULTS */;
/*!40101 SET @OLD_COLLATION_CONNECTION=@@COLLATION_CONNECTION */;
/*!40101 SET NAMES utf8mb4 */;

--
-- Database: `id20809584_flash_card`
--

-- --------------------------------------------------------

--
-- Table structure for table `cards`
--

CREATE TABLE `cards` (
  `cards_id` int(10) UNSIGNED NOT NULL,
  `cards_categories_id` bigint(20) UNSIGNED NOT NULL,
  `cards_question` varchar(255) NOT NULL,
  `cards_answer` varchar(255) NOT NULL,
  `card_status` int(11) NOT NULL DEFAULT 0,
  `created_at` timestamp NULL DEFAULT NULL,
  `updated_at` timestamp NULL DEFAULT NULL
) ENGINE=InnoDB DEFAULT CHARSET=utf8mb4 COLLATE=utf8mb4_unicode_ci;

--
-- Dumping data for table `cards`
--

INSERT INTO `cards` (`cards_id`, `cards_categories_id`, `cards_question`, `cards_answer`, `card_status`, `created_at`, `updated_at`) VALUES
(5, 4, 'Saya', 'わたし（私）', 0, '2023-05-18 01:55:54', '2023-10-18 08:30:42'),
(6, 4, 'Anda', 'あなた', 0, '2023-05-18 01:56:44', '2023-10-18 08:27:45'),
(7, 4, 'Orang itu, beliau', 'あのひと、あのかた', 0, '2023-05-18 01:57:47', '2023-10-18 08:27:06'),
(8, 4, 'Sdr. ~, Bapak ~, Ibu ~', 'さん', 0, '2023-05-18 01:58:59', '2023-10-17 13:55:12'),
(9, 4, 'Akhiran yang dipakai untuk anak laki-laki dan anak perempuan sebagai pengganti ~さん)', 'ちゃん', 0, '2023-05-18 02:01:31', '2023-10-18 08:30:39'),
(10, 4, 'Orang (akhiran yang menyatakan warga negara)', 'じん（人）', 0, '2023-05-18 02:04:11', '2023-10-18 08:28:42'),
(11, 4, 'Guru, dosen (tidak dipakai untuk menyebutkan pekerjaan sendiri)', 'きょし', 0, '2023-05-18 02:05:58', '2023-10-18 08:29:47'),
(12, 4, 'Guru, dosen', 'せんせい', 0, '2023-05-18 02:06:51', '2023-10-18 08:26:55'),
(13, 4, 'Mahasiswa', 'だいがくせい', 0, '2023-05-18 02:08:22', '2023-10-18 08:27:38'),
(14, 4, 'Karyawan perusahaan', 'かいしゃいん', 0, '2023-05-18 02:09:24', '2023-10-18 08:30:32'),
(15, 4, 'Karyawan perusahaan (dipakai bersama dengan nama perusahaan)', 'しゃいん', 0, '2023-05-18 02:10:29', '2023-10-18 08:26:32'),
(16, 4, 'Karyawan bank', 'ぎんこういん', 0, '2023-05-18 02:11:20', '2023-10-18 08:30:22'),
(17, 4, 'Dokter', 'いしゃ', 0, '2023-05-18 02:11:54', '2023-10-18 08:28:45'),
(18, 4, 'Peneliti', 'けんきゅしゃ', 0, '2023-05-18 02:12:46', '2023-10-17 13:55:23'),
(19, 4, 'Universitas', 'だいがく', 0, '2023-05-18 02:13:33', '2023-10-17 13:56:37'),
(20, 4, 'Rumah sakit', 'びよういん', 0, '2023-05-18 02:14:17', '2023-10-18 08:29:54'),
(21, 4, 'Siapa', 'だれ（どなた）', 0, '2023-05-18 02:20:04', '2023-10-18 08:28:07'),
(22, 4, '~ tahun', '~ さい', 0, '2023-05-18 02:21:24', '2023-10-18 08:27:57'),
(23, 4, 'umur berapa?', 'なんさい（おいくつ）', 0, '2023-05-18 02:22:05', '2023-10-18 08:26:46'),
(24, 4, 'Ya', 'はい', 0, '2023-05-18 02:22:25', '2023-10-18 08:28:35'),
(25, 4, 'Tidak, bukan', 'いいえ', 0, '2023-05-18 02:22:39', '2023-10-18 08:28:27'),
(26, 4, 'Perkenalkan (ucapan salam pada waktu pertama kali berkenalan)', '初めまして', 0, '2023-05-18 02:23:40', '2023-10-18 08:26:52'),
(27, 4, 'datang dari ~, berasal dari ~', '~ から来ました', 0, '2023-05-18 02:25:08', '2023-10-18 08:29:19'),
(28, 4, 'Salam kenal (ucapan terakhir untuk perkenalan diri)', '[どうぞ」よろしくお願いします', 0, '2023-05-18 02:26:18', '2023-10-17 13:56:08'),
(29, 4, 'Permisi, maaf (digunakan ketika bertanya temtamg hal pribadi seperti nama, alamat, dan sebagainya)', '失礼ですか', 0, '2023-05-18 02:28:07', '2023-10-18 08:29:34'),
(30, 4, 'Siapa namanya?', 'お名前は', 0, '2023-05-18 02:28:54', '2023-10-17 13:55:54'),
(31, 4, 'Amerika Serikat', 'アメリカ', 0, '2023-05-18 02:29:27', '2023-10-18 08:28:32'),
(32, 4, 'Inggris', 'イギリス', 0, '2023-05-18 02:29:59', '2023-10-18 08:30:02'),
(33, 4, 'India', 'インド', 0, '2023-05-18 02:30:16', '2023-10-18 08:26:49'),
(34, 4, 'Indonesia', 'インドネシア', 0, '2023-05-18 02:30:31', '2023-10-17 13:55:30'),
(35, 4, 'Korea', 'かんこく（韓国）', 0, '2023-05-18 02:31:30', '2023-10-18 08:27:53'),
(36, 4, 'Thailand', 'タイ', 0, '2023-05-18 02:31:47', '2023-10-17 13:55:37'),
(37, 4, 'China', 'ぎんこく（銀国）', 0, '2023-05-18 02:32:50', '2023-10-18 08:27:24'),
(38, 4, 'Jerman', 'ドイツ', 0, '2023-05-18 02:33:33', '2023-10-18 08:28:18'),
(39, 4, 'Jepang', '日本', 0, '2023-05-18 02:34:02', '2023-10-17 13:55:42'),
(40, 4, 'Brazil', 'ブラジル', 0, '2023-05-18 02:34:33', '2023-10-17 13:55:03'),
(41, 5, 'Ini (benda yang ada di dekat si pembicara)', 'これ', 1, '2023-05-18 04:31:37', '2023-10-18 08:33:34'),
(42, 5, 'Itu (benda yang ada di dekat lawan bicara)', 'それ', 1, '2023-05-18 04:32:13', '2023-10-18 08:35:25'),
(43, 5, 'Itu (benda yang ada jauh dari si pembicara dan lawan bicara)', 'あれ', 1, '2023-05-18 04:33:40', '2023-10-18 08:38:54'),
(44, 5, '~ ini (menerangkan benda atau orang yang ada di dekat si pembicara)', 'この', 1, '2023-05-18 04:34:31', '2023-10-18 08:35:34'),
(45, 5, '~ itu (menerangkan benda atau orang yang ada di dekat lawan bicara)', 'その', 1, '2023-05-18 04:35:13', '2023-10-18 08:33:22'),
(46, 5, '~ itu (menerangkan benda atau orang yang ada di jauh dari si pembicara dan lawan bicara)', 'あの～', 1, '2023-05-18 04:36:01', '2023-10-18 08:36:03'),
(47, 5, 'Buku', 'ほん', 1, '2023-05-18 04:36:33', '2023-10-18 08:35:43'),
(48, 5, 'Kamus', 'じしょ', 1, '2023-05-18 04:36:57', '2023-10-18 08:38:17'),
(49, 5, 'Majalah', 'さっし', 1, '2023-05-18 04:37:23', '2023-10-18 08:35:17'),
(50, 5, 'Koran', 'しんぶん', 1, '2023-05-18 04:38:44', '2023-10-18 08:35:39'),
(51, 5, 'Buku tulis / Buku catatan', 'ノート', 1, '2023-05-18 04:39:20', '2023-10-18 08:33:58'),
(52, 5, 'Buku agenda/Buku saku', 'てちょう', 1, '2023-05-18 04:40:02', '2023-10-18 08:34:09'),
(53, 5, 'Kartu nama', 'めいし', 1, '2023-05-18 04:40:27', '2023-10-18 08:33:49'),
(54, 5, 'Kartu', 'カード', 1, '2023-05-18 04:40:49', '2023-10-18 08:38:37'),
(55, 5, 'Pensil', 'えんぴつ', 1, '2023-05-18 04:41:18', '2023-10-18 08:39:17'),
(56, 5, 'Bolpoin', 'ボルペン', 1, '2023-05-18 04:41:51', '2023-10-18 08:34:28'),
(57, 5, 'Pensil mekanik', 'シャープペンシル', 1, '2023-05-18 05:14:24', '2023-10-18 08:39:11'),
(58, 5, 'Kunci', 'かぎ', 1, '2023-05-18 05:14:38', '2023-10-18 08:30:57'),
(59, 5, 'Jam, arloji', 'とけい', 1, '2023-05-18 05:15:18', '2023-10-18 08:32:14'),
(60, 5, 'Payung', 'かさ', 1, '2023-05-18 05:15:48', '2023-10-18 08:34:47'),
(61, 5, 'Tas', 'かばん', 1, '2023-05-18 05:15:59', '2023-10-18 08:38:58'),
(62, 5, 'Televisi', 'テレビ', 1, '2023-05-18 05:17:13', '2023-10-18 08:31:18'),
(63, 5, 'Radio', 'ラジオ', 1, '2023-05-18 05:17:32', '2023-10-18 08:33:42'),
(64, 5, 'Kamera', 'カメラ', 1, '2023-05-18 05:17:50', '2023-10-18 08:31:32'),
(65, 5, 'Komputer', 'コンピューター', 1, '2023-05-18 05:18:19', '2023-10-18 08:36:11'),
(66, 5, 'Mobil', 'くるま', 1, '2023-05-18 05:18:45', '2023-10-18 08:31:07'),
(67, 5, 'Meja, meja tulis', 'つくえ', 1, '2023-05-18 05:19:17', '2023-10-18 08:32:21'),
(68, 5, 'Kursi', 'いす', 1, '2023-05-18 05:19:34', '2023-10-18 08:38:28'),
(69, 5, 'Coklat', 'チョコレート', 1, '2023-05-18 05:20:15', '2023-10-25 16:14:08'),
(70, 5, 'Kopi', 'コーヒー', 1, '2023-05-18 05:20:41', '2023-10-18 08:34:20'),
(71, 5, 'Oleh-oleh', 'おみやげ', 1, '2023-05-18 05:21:06', '2023-10-18 08:31:39'),
(72, 5, 'Bahasa Inggris', 'えいご(えい語)', 1, '2023-05-18 05:21:27', '2023-10-18 08:36:24'),
(73, 5, 'Bahasa Jepang', 'にほんご(日本語)', 1, '2023-05-18 05:21:48', '2023-10-18 08:38:41'),
(74, 5, 'Bahasa ~', '~ご', 1, '2023-05-18 05:22:09', '2023-10-18 08:37:02'),
(75, 5, 'Apa', 'なん', 1, '2023-05-18 05:22:23', '2023-10-18 08:34:13'),
(76, 5, 'Begitu', 'そう', 1, '2023-05-18 05:22:40', '2023-10-18 08:32:00'),
(77, 5, 'Eee... (ungkapan yang digunakan kepada lawan bicara dalam perasaan ragu-ragu)', 'あのう', 1, '2023-05-18 05:23:34', '2023-10-18 08:36:38'),
(78, 5, 'Eh...(dipakai ketika mendengar sesuatu diluar dugaan)', 'えっ', 1, '2023-05-18 05:24:24', '2023-10-18 08:34:40'),
(79, 5, 'Silahkan (digunakan untuk menawarkan barang)', 'どうぞ', 1, '2023-05-18 05:24:54', '2023-10-18 08:38:24'),
(80, 5, 'Terima kasih (banyak)', '「どうも」ありがとう「ございます」', 1, '2023-05-18 05:25:36', '2023-10-18 08:31:03'),
(81, 5, 'O, begitu/O, ya', 'そうですか', 1, '2023-05-18 05:26:14', '2023-10-18 08:35:54'),
(82, 5, 'Bukan/tidak/salah', 'ちがいます', 1, '2023-05-18 05:26:51', '2023-10-18 08:32:37'),
(83, 5, 'O, eh (dipakai ketika sadar)', 'あ', 1, '2023-05-18 05:27:19', '2023-10-18 08:31:51'),
(84, 5, 'Mulai sekarang saya akan meminta bantuannya', 'これからおせわになります', 1, '2023-05-18 05:29:30', '2023-10-18 08:31:27'),
(85, 5, 'Ya, sama-sama (jawaban terhadap \"mulai sekarang saya akan meminta bantuannya\")', 'こちらこそ「どうぞ」よろしく「おねがいします」', 1, '2023-05-18 05:31:02', '2023-10-18 08:37:21'),
(86, 6, 'Sini', 'ここ', 0, '2023-05-18 07:12:14', '2023-09-02 06:03:56'),
(87, 6, 'Situ', 'そこ', 0, '2023-05-18 07:12:41', '2023-09-02 06:00:08'),
(88, 6, 'Sana', 'あそこ', 0, '2023-05-18 07:13:01', '2023-09-02 06:16:06'),
(91, 6, 'Dimana', 'どこ', 0, '2023-05-18 07:15:01', '2023-09-02 06:02:30'),
(92, 6, 'Sini (sopan)', 'こちら', 0, '2023-05-18 07:15:24', '2023-09-02 05:58:41'),
(93, 6, 'Situ (sopan)', 'そちら', 1, '2023-05-18 07:15:51', '2023-09-16 11:19:02'),
(94, 6, 'Sana (sopan)', 'あちら', 0, '2023-05-18 07:16:09', '2023-09-02 05:52:16'),
(95, 6, 'Dimana (sopan)', 'どちら', 0, '2023-05-18 07:16:30', '2023-09-02 05:55:08'),
(96, 6, 'Ruang kelas', 'きょしつ', 0, '2023-05-18 07:16:57', '2023-09-02 06:15:45'),
(97, 6, 'Ruang makan, rumah makan, kantin', 'しょくどう', 0, '2023-05-18 07:17:33', '2023-09-02 05:52:04'),
(98, 6, 'Kantor', 'じむしょ', 0, '2023-05-18 07:18:32', '2023-09-02 05:59:00'),
(99, 6, 'Ruang Rapat', 'かいざしつ', 0, '2023-05-18 07:19:13', '2023-09-02 06:02:59'),
(100, 6, 'Meja Informasi', 'うけつけ', 0, '2023-05-18 07:19:55', '2023-09-02 06:03:29'),
(101, 6, 'Ruang tunggu, lobi', 'ロビー', 0, '2023-05-18 07:20:38', '2023-09-02 05:53:46'),
(102, 6, 'Kamar', 'へや', 0, '2023-05-18 07:21:52', '2023-09-02 05:54:25'),
(103, 6, 'Kamar kecil, toilet, WC.', 'といれ　/ おてあらい', 0, '2023-05-18 07:22:53', '2023-09-02 05:56:23'),
(104, 6, 'Tangga', 'かいだん', 0, '2023-05-18 07:23:32', '2023-09-02 06:00:34'),
(105, 6, 'Lift', 'エレベーター', 0, '2023-05-18 07:24:04', '2023-09-02 05:54:08'),
(106, 6, 'Tangga berjalan, eskalator', 'エスカレーター', 0, '2023-05-18 07:25:14', '2023-09-02 05:56:53'),
(107, 6, 'Telepon', 'でんわ', 0, '2023-05-18 07:25:35', '2023-09-02 05:52:33'),
(108, 6, 'Negara, negeri', '「お」くに', 0, '2023-05-18 07:27:43', '2023-09-02 06:05:45'),
(109, 6, 'Perusahaan', 'かいしゃ', 0, '2023-05-18 07:28:05', '2023-09-02 06:04:38'),
(110, 6, 'Rumah', 'うち', 0, '2023-05-18 07:28:25', '2023-09-02 05:52:23'),
(111, 6, 'Sepatu', 'くつ', 0, '2023-05-18 07:28:46', '2023-09-02 06:00:43'),
(112, 6, 'Dasi', 'ネクタイ', 0, '2023-05-18 07:29:10', '2023-09-02 06:03:47'),
(113, 6, 'Anggur', 'ワイン', 0, '2023-05-18 07:29:30', '2023-09-02 06:00:52'),
(114, 6, 'Tempat penjualan', 'うりば', 0, '2023-05-18 07:29:56', '2023-09-02 06:02:03'),
(115, 6, 'Bawah tanah, basement', 'ちか', 0, '2023-05-18 07:30:25', '2023-09-02 06:10:39'),
(116, 6, 'Lantai -, tingkat -', '～かい（～がい）', 0, '2023-05-18 07:31:04', '2023-09-02 06:02:22'),
(117, 6, 'Lantai berapa?, tingkat berapa?', 'なんがい', 0, '2023-05-18 07:31:41', '2023-09-02 05:57:44'),
(118, 6, '~yen', '～えん', 0, '2023-05-18 07:32:03', '2023-09-02 05:53:53'),
(119, 6, 'Berapa', 'いくら', 0, '2023-05-18 07:32:15', '2023-09-02 06:04:15'),
(120, 6, 'Ratus', 'ひゃく', 0, '2023-05-18 07:34:21', '2023-09-02 05:54:39'),
(121, 6, 'Ribu', 'せん', 0, '2023-05-18 07:34:48', '2023-09-02 06:01:28'),
(122, 6, 'Puluh ribu', 'まん', 0, '2023-05-18 07:35:08', '2023-09-02 06:15:27'),
(123, 6, 'Maaf/permisi', 'すみません', 0, '2023-05-18 07:35:32', '2023-09-02 05:54:18'),
(124, 6, 'Terima kasih', 'どうも', 0, '2023-05-18 07:35:54', '2023-09-02 06:04:25'),
(125, 6, 'Selamat datang/bisa saya bantu？', 'いらっしゃいませ', 0, '2023-05-18 07:37:14', '2023-09-02 05:53:28'),
(126, 6, 'Tolong perlihatkan', '「～お」みせてください', 0, '2023-05-18 07:38:06', '2023-09-02 05:59:23'),
(127, 6, 'Baiklah, kalau begitu', 'じゃ', 0, '2023-05-18 07:38:32', '2023-09-02 06:15:35'),
(128, 6, 'Minta [~]/Tolong berikan [~]', '「～お」ください', 0, '2023-05-18 07:39:15', '2023-09-02 06:01:10'),
(129, 6, 'Italia', 'イタリア', 0, '2023-05-18 07:40:07', '2023-09-02 05:52:45'),
(130, 6, 'Swiss', 'スイス', 0, '2023-05-18 07:40:22', '2023-09-02 05:58:25'),
(131, 6, 'Perancis', 'フランス', 0, '2023-05-18 07:40:46', '2023-09-02 05:53:37'),
(132, 6, 'Jakarta', 'ジャカルタ', 0, '2023-05-18 07:41:06', '2023-09-02 06:01:50'),
(133, 6, 'Bangkok', 'バンコク', 0, '2023-05-18 07:41:40', '2023-09-02 05:54:56'),
(134, 6, 'Berlin', 'ベルリン', 0, '2023-05-18 07:42:04', '2023-09-02 05:58:08'),
(135, 7, 'Bangun', 'おきます', 0, '2023-05-18 07:43:28', '2023-09-02 06:35:06'),
(136, 7, 'Tidur', 'ねます', 0, '2023-05-18 07:43:57', '2023-09-02 06:33:26'),
(137, 7, 'Bekerja', 'はたらきます', 0, '2023-05-18 07:44:23', '2023-09-02 07:01:01'),
(138, 7, 'Beristirahat, libur', 'やすみます', 0, '2023-05-18 07:44:52', '2023-09-02 07:06:22'),
(139, 7, 'Belajar', 'べんきょうします', 0, '2023-05-18 07:45:19', '2023-09-02 07:05:35'),
(140, 7, 'Selesai', 'おわります', 0, '2023-05-18 07:57:02', '2023-09-02 06:59:08'),
(141, 7, 'Toserba', 'チバート', 0, '2023-05-18 07:58:01', '2023-09-02 07:04:24'),
(142, 7, 'Bank', 'ぎんこう', 0, '2023-05-18 08:02:28', '2023-09-02 06:55:39'),
(143, 7, 'Kantor pos', 'ゆうびんきょく', 0, '2023-05-18 08:06:08', '2023-09-02 06:57:38'),
(144, 7, 'Perpustakaan', 'としょかん', 0, '2023-05-18 08:07:21', '2023-09-02 06:45:27'),
(145, 7, 'Gedung kesenian', 'びじゅつかん', 0, '2023-05-18 08:08:16', '2023-09-02 06:41:43'),
(146, 7, 'Sekarang', 'いま', 0, '2023-05-18 08:08:41', '2023-09-02 06:36:53'),
(147, 7, 'Jam -, pukul -', '～じ', 0, '2023-05-18 08:09:35', '2023-09-02 06:46:40'),
(148, 7, '~ menit', '~ ぶん', 0, '2023-05-18 08:11:22', '2023-09-02 06:54:15'),
(149, 7, 'Setengah', 'はん', 0, '2023-05-18 08:11:58', '2023-09-02 06:56:41'),
(150, 7, 'Jam berapa, pukul berapa', 'なんじ', 0, '2023-05-18 08:12:26', '2023-09-02 06:57:51'),
(151, 7, 'Berapa menit?', 'なんぶん', 0, '2023-05-18 08:13:29', '2023-09-02 06:33:10'),
(152, 7, 'a.m. (waktu sebelum jam 12 siang)', 'ごぜん', 0, '2023-05-18 08:14:25', '2023-09-02 07:06:06'),
(153, 7, 'p.m. (waktu setelah jam 12 siang)', 'ごご', 0, '2023-05-18 08:15:07', '2023-09-02 06:33:38'),
(154, 7, 'Pagi', 'あさ', 0, '2023-05-18 08:15:42', '2023-09-02 06:54:24'),
(155, 7, 'Siang', 'ひる', 0, '2023-05-18 08:16:00', '2023-09-02 07:00:31'),
(156, 7, 'Malam', 'ばん（よる）', 0, '2023-05-18 08:16:54', '2023-09-02 06:48:04'),
(157, 7, 'Dua hari yang lalu, kemarin lusa', 'おととい', 0, '2023-05-18 08:17:40', '2023-09-02 06:34:05'),
(158, 7, 'Kemarin', 'きのう', 0, '2023-05-18 08:18:02', '2023-09-02 06:56:53'),
(159, 7, 'Hari ini', 'きょう', 0, '2023-05-18 08:18:22', '2023-09-02 06:59:42'),
(160, 7, 'Besok', 'あした', 0, '2023-05-18 08:19:19', '2023-09-02 07:03:17'),
(161, 7, 'Lusa', 'あさって', 0, '2023-05-18 08:19:49', '2023-09-02 07:02:08'),
(162, 7, 'Pagi ini, tadi pagi', 'けさ', 0, '2023-05-18 08:20:12', '2023-09-02 06:59:31'),
(163, 7, 'Malam ini, nanti malam', 'こんばん', 0, '2023-05-18 08:20:44', '2023-09-02 06:46:32'),
(164, 7, 'Istirahat, cuti, libur', 'やすみ', 0, '2023-05-18 08:21:15', '2023-09-02 06:52:58'),
(165, 7, 'Istirahat siang', 'ひるやすみ', 0, '2023-05-18 08:21:44', '2023-09-02 07:00:21'),
(166, 7, 'Ujian', 'しけん', 0, '2023-05-18 08:22:06', '2023-09-02 06:47:25'),
(167, 7, 'Rapat (~o shimasu: mengadakan rapat)', 'かいざ', 0, '2023-05-18 08:23:38', '2023-09-02 06:35:39'),
(168, 7, 'Film', 'えいが', 0, '2023-05-18 08:23:49', '2023-09-02 06:34:18'),
(169, 7, 'Setiap pagi', 'まいあさ', 0, '2023-05-18 08:24:10', '2023-09-02 07:05:47'),
(170, 7, 'Setiap malam', 'まいばん', 0, '2023-05-18 08:24:34', '2023-09-02 06:55:15'),
(171, 7, 'Setiap hari', 'まいにち', 0, '2023-05-18 08:24:55', '2023-09-02 06:59:21'),
(172, 7, 'Hari Senin', 'げつようび', 0, '2023-05-18 08:25:21', '2023-09-02 06:36:45'),
(173, 7, 'Hari Selasa', 'かようび', 0, '2023-05-18 08:25:43', '2023-09-02 06:47:06'),
(174, 7, 'Hari Rabu', 'すいようび', 0, '2023-05-18 08:26:03', '2023-09-02 06:34:32'),
(175, 7, 'Hari Kamis', 'もくようび', 0, '2023-05-18 08:26:25', '2023-09-02 06:53:15'),
(176, 7, 'Hari Jumat', 'きんょうび', 0, '2023-05-18 08:26:53', '2023-09-02 06:42:09'),
(177, 7, 'Hari Sabtu', 'どようび', 0, '2023-05-18 08:27:46', '2023-09-02 06:45:06'),
(178, 7, 'Hari Minggu', 'にちようび', 0, '2023-05-18 08:28:20', '2023-09-02 07:00:01'),
(179, 7, 'Hari apa?', 'なんようび', 0, '2023-05-18 08:29:05', '2023-09-02 07:04:51'),
(180, 7, 'dari ~', '~ から', 0, '2023-05-18 08:29:49', '2023-09-02 06:34:44'),
(181, 7, 'Sampai ~', '～まで', 0, '2023-05-18 08:30:16', '2023-09-02 06:44:43'),
(182, 7, '~ dan ~ (digunakan untuk menyambung kata benda)', 'と', 0, '2023-05-18 08:31:00', '2023-09-02 06:57:59'),
(183, 7, 'O, berat ya', 'たいへんですね', 0, '2023-05-18 08:31:37', '2023-09-02 06:35:41'),
(184, 7, 'Nomor', 'ばんごう', 0, '2023-05-18 08:31:56', '2023-09-02 07:01:31'),
(185, 7, 'Nomor berapa?', 'なんばん', 0, '2023-05-18 08:32:33', '2023-09-02 06:58:25'),
(186, 7, 'Disitu', 'そちら', 0, '2023-05-18 08:33:02', '2023-09-02 06:58:47'),
(187, 7, 'New York', 'ニューヨーク', 0, '2023-05-18 08:33:45', '2023-09-02 07:05:06'),
(188, 7, 'Beijing', 'ベキン', 0, '2023-05-18 08:34:19', '2023-09-02 07:02:29'),
(189, 7, 'Los Angels', 'ロサンゼルス', 0, '2023-05-18 08:35:38', '2023-09-02 06:46:00'),
(190, 7, 'London', 'ロンドン', 0, '2023-05-18 08:36:02', '2023-09-02 06:36:28'),
(191, 8, 'Pergi', 'いきます', 1, '2023-05-18 08:38:12', '2023-09-02 07:41:28'),
(192, 8, 'Datang', 'きます', 1, '2023-05-18 08:38:33', '2023-09-02 07:31:34'),
(193, 8, 'Pulang', 'かえります', 1, '2023-05-18 08:38:53', '2023-09-02 07:51:46'),
(194, 8, 'Sekolah', 'がっこう', 0, '2023-05-18 08:39:17', '2023-05-20 22:44:15'),
(195, 8, 'Pasar Swalayan', 'スーバー', 1, '2023-05-18 08:40:04', '2023-09-02 07:58:54'),
(196, 8, 'Stasiun', 'えき', 1, '2023-05-18 08:40:28', '2023-09-02 07:43:53'),
(197, 8, 'Pesawat terbang', 'ひこうき', 1, '2023-05-18 08:41:00', '2023-09-02 07:51:02'),
(198, 8, 'Kapal Laut', 'ふね', 1, '2023-05-18 08:41:20', '2023-09-02 07:49:40'),
(199, 8, 'Kereta rel listrik', 'てんしゃ', 1, '2023-05-18 08:41:50', '2023-09-02 07:58:00'),
(200, 8, 'Kereta bawah tanah', 'ちかてつ', 0, '2023-05-18 08:42:19', '2023-05-20 22:38:14'),
(201, 8, 'Kereta cepat', 'しかんせん', 1, '2023-05-18 08:42:48', '2023-09-02 07:50:14'),
(202, 8, 'Bus', 'バス', 1, '2023-05-18 08:44:41', '2023-09-02 07:44:04'),
(203, 8, 'Taksi', 'タクシー', 1, '2023-05-18 08:45:00', '2023-09-02 07:37:41'),
(204, 8, 'Sepeda', 'じてんしゃ', 1, '2023-05-18 08:45:30', '2023-09-02 07:40:03'),
(205, 8, 'Dengan berjalan kaki', 'あるいて', 1, '2023-05-18 08:47:03', '2023-09-02 07:49:01'),
(206, 8, 'Orang', 'ひと', 1, '2023-05-18 08:47:19', '2023-09-02 07:49:12'),
(207, 8, 'Teman', 'ともだち', 0, '2023-05-18 08:47:42', '2023-05-20 22:42:13'),
(208, 8, 'Dia, ia (laki-laki)', 'かれ', 0, '2023-05-18 08:48:16', '2023-05-20 21:36:04'),
(209, 8, 'Dia, ia (perempuan)', 'かのじょ', 1, '2023-05-18 08:48:47', '2023-09-02 07:52:53'),
(210, 8, 'Keluarga', 'かぞく', 1, '2023-05-18 08:49:03', '2023-09-02 07:59:08'),
(211, 8, 'Sendirian, dengan sendiri', 'ひとりで', 0, '2023-05-18 08:49:34', '2023-05-20 21:29:54'),
(212, 8, 'Minggu lalu', 'せんしゅう', 1, '2023-05-18 08:50:01', '2023-09-02 07:53:23'),
(213, 8, 'Minggu ini', 'こんしゅう', 1, '2023-05-18 08:50:34', '2023-09-02 07:51:20'),
(214, 8, 'Minggu depan', 'らいしゅう', 1, '2023-05-18 08:51:06', '2023-09-02 07:40:52'),
(215, 8, 'Bulan lalu', 'せんげつ', 1, '2023-05-18 08:51:40', '2023-09-02 07:54:04'),
(216, 8, 'Bulan ini', 'こんげつ', 1, '2023-05-18 08:52:00', '2023-09-02 07:58:23'),
(217, 8, 'Bulan depan', 'らいげつ', 1, '2023-05-18 08:52:31', '2023-09-02 07:56:31'),
(218, 8, 'Tahun lalu', 'きょうねん', 1, '2023-05-18 08:53:00', '2023-09-02 07:43:15'),
(219, 8, 'Tahun ini', 'ことし', 1, '2023-05-18 08:53:13', '2023-09-02 07:56:45'),
(220, 8, 'Tahun depan', 'らいねん', 1, '2023-05-18 08:53:44', '2023-09-02 07:32:03'),
(221, 8, 'Tahun ~', '~ ねん', 1, '2023-05-18 08:54:13', '2023-09-02 07:33:37'),
(222, 8, 'Tahun berapa', 'なんねん', 1, '2023-05-18 08:54:40', '2023-09-02 07:45:12'),
(223, 8, 'Bulan ~', '～げつ', 1, '2023-05-18 08:55:06', '2023-09-02 07:40:12'),
(224, 8, 'Bulan apa', 'なんげつ', 1, '2023-05-18 08:55:22', '2023-09-02 07:43:30'),
(225, 8, 'Tanggal 1', 'ついたち', 1, '2023-05-18 15:12:25', '2023-09-02 07:57:47'),
(226, 8, 'Tanggal 2, dua hari', 'ふつか', 1, '2023-05-18 15:12:55', '2023-09-02 07:54:51'),
(227, 8, 'Tanggal tiga, tiga hari', 'みっか', 0, '2023-05-18 15:13:22', '2023-05-20 21:35:35'),
(228, 8, 'Tanggal empat, empat hari', 'よっか', 0, '2023-05-18 15:13:58', '2023-05-20 22:41:49'),
(229, 8, 'Tanggal lima, lima hari', 'いっか', 1, '2023-05-18 15:14:33', '2023-09-02 07:44:58'),
(230, 8, 'Tanggal enam, enam hari', 'むいか', 1, '2023-05-18 15:15:23', '2023-09-02 07:57:16'),
(231, 8, 'Tanggal tujuh, tujuh hari', 'なのか', 1, '2023-05-18 15:15:57', '2023-09-02 07:53:45'),
(232, 8, 'Tanggal delapan, delapan hari', 'ようか', 0, '2023-05-18 15:16:23', '2023-05-20 22:49:35'),
(233, 8, 'Tanggal sembilan, sembilan hari', 'ここのか', 1, '2023-05-18 15:17:01', '2023-09-02 07:52:02'),
(234, 8, 'Tanggal 10, 10 hari', 'とおか', 1, '2023-05-18 15:17:40', '2023-09-02 07:57:03'),
(235, 8, 'Tanggal 14, 14 hari', 'じゅうよっか', 1, '2023-05-18 15:18:24', '2023-09-02 07:56:12'),
(236, 8, 'Tanggal 20, 20 hari', 'はつか', 1, '2023-05-18 15:18:55', '2023-09-02 07:37:56'),
(237, 8, 'Tanggal 24, 24 hari', 'にじゅうよっか', 1, '2023-05-18 15:19:23', '2023-09-02 07:50:43'),
(238, 8, 'Tanggal ~, ~ hari', 'ーにち', 1, '2023-05-18 15:20:11', '2023-09-02 07:43:43'),
(239, 8, 'Tanggal berapa, berapa hari', 'なんにち', 0, '2023-05-18 15:21:07', '2023-05-20 22:52:28'),
(240, 8, 'Kapan', 'いつ', 1, '2023-05-18 15:21:20', '2023-09-02 07:44:37'),
(241, 8, 'Hari ulang tahun', 'たんじょうび', 0, '2023-05-18 15:21:47', '2023-05-20 21:30:42'),
(242, 8, 'Ya betul/ya begitulah', 'そうですね', 1, '2023-05-18 15:22:16', '2023-09-02 07:49:28'),
(243, 8, 'Terima kasih [banyak]', '「どうも」　ありがとう　ございます', 1, '2023-05-18 15:23:09', '2023-09-02 07:52:32'),
(244, 8, 'Sama-sama', 'どういたしまして', 1, '2023-05-18 15:23:45', '2023-09-02 07:42:57'),
(245, 8, 'Peron, nomor -', '-はんせん', 1, '2023-05-18 15:25:01', '2023-09-02 07:55:10'),
(246, 8, 'Yang berikutnya', 'つぎの', 1, '2023-05-18 15:25:51', '2023-09-02 07:49:57'),
(247, 8, 'Biasa', 'ふつう', 1, '2023-05-18 15:26:40', '2023-09-02 07:44:26'),
(248, 8, 'Ekspress', 'きゅうこう', 1, '2023-05-18 15:27:14', '2023-09-02 07:58:39'),
(249, 8, 'Super Ekspress', 'とっきゅう', 1, '2023-05-18 15:28:23', '2023-09-02 07:54:22'),
(250, 9, 'Makan', 'たべます', 0, '2023-05-18 15:55:46', '2023-05-18 15:55:46'),
(251, 9, 'Minum', 'のみます', 0, '2023-05-18 15:56:01', '2023-05-18 15:56:01'),
(252, 9, 'Menghisap [rokok]. merokok', 'すいます「たばこを～」', 0, '2023-05-18 15:58:03', '2023-05-18 15:58:03'),
(253, 9, 'Melihat, menonton', 'みます', 0, '2023-05-18 15:59:09', '2023-05-18 15:59:09'),
(254, 9, 'Mendengar', 'ききます', 0, '2023-05-18 16:01:19', '2023-05-18 16:01:19'),
(255, 9, 'Menulis, menggambar (Kakimasu juga bermaksud menggambar tetapi dalam buku ini yang dimaksud menggambar itu tertulis dengan hiragana)', 'かきます', 0, '2023-05-18 16:02:13', '2023-05-18 16:02:13'),
(256, 9, 'Membeli', 'かいます', 0, '2023-05-18 16:05:09', '2023-05-18 16:05:09'),
(257, 9, 'Mengambil [foto]', 'とります', 0, '2023-05-18 16:09:47', '2023-05-18 16:09:47'),
(258, 9, 'Mengerjakan, melakukan, berbuat', 'します', 0, '2023-05-18 16:11:01', '2023-05-18 16:11:01'),
(259, 9, 'Bertemu [dengan teman]', 'おいます「ともだちに～」', 0, '2023-05-18 16:11:52', '2023-05-18 16:11:52'),
(260, 9, 'Nasi', 'ごはん', 0, '2023-05-18 16:14:29', '2023-05-18 16:14:29'),
(261, 9, 'Sarapan', 'あさごはん', 0, '2023-05-18 16:14:51', '2023-05-18 16:14:51'),
(262, 9, 'Makan siang', 'ひるごはんごはん', 0, '2023-05-18 16:15:13', '2023-05-18 16:15:13'),
(263, 9, 'Makan malam', 'ばんごはん', 0, '2023-05-18 16:15:33', '2023-05-18 16:15:33'),
(264, 9, 'Roti', 'バン', 0, '2023-05-18 16:16:21', '2023-05-18 16:16:21'),
(265, 9, 'Telur', 'たまご', 0, '2023-05-18 16:16:43', '2023-05-18 16:16:43'),
(266, 9, 'Daging', 'にく', 0, '2023-05-18 16:17:04', '2023-05-18 16:17:04'),
(267, 9, 'Ikan', 'さかな', 0, '2023-05-18 16:17:16', '2023-05-18 16:17:16'),
(268, 9, 'Sayur', 'やさい', 0, '2023-05-18 16:17:31', '2023-05-18 16:17:31'),
(269, 9, 'Buah-buahan', 'くだもの', 0, '2023-05-18 16:17:54', '2023-05-18 16:17:54'),
(270, 9, 'Air', 'みず', 0, '2023-05-18 16:20:32', '2023-05-18 16:20:32'),
(271, 9, 'Teh, teh Jepang (teh hijau)', 'おちゃ', 0, '2023-05-18 16:21:05', '2023-05-18 16:21:05'),
(272, 9, 'Teh', 'こうちゃ', 0, '2023-05-18 16:23:15', '2023-05-18 16:23:15'),
(273, 9, 'Susu', 'ぎゅにゅう（ミルク）', 0, '2023-05-18 16:24:25', '2023-05-18 16:24:25'),
(274, 9, 'Jus, sari buah', 'ジュース', 0, '2023-05-18 16:25:14', '2023-05-18 16:25:14'),
(275, 9, 'Bir', 'ビール', 0, '2023-05-18 16:26:17', '2023-05-18 16:26:17'),
(276, 9, 'Minuman keras', '「お」さけ', 0, '2023-05-18 16:27:12', '2023-05-18 16:27:12'),
(277, 9, 'Rokok', 'たばこ', 0, '2023-05-18 16:27:27', '2023-05-18 16:27:27'),
(278, 9, 'Surat', 'てがみ', 0, '2023-05-18 16:27:41', '2023-05-18 16:27:41'),
(279, 9, 'Laporan', 'レポト', 0, '2023-05-18 16:28:14', '2023-05-18 16:28:14'),
(280, 9, 'Foto', 'しゃしん', 0, '2023-05-18 16:28:47', '2023-05-18 16:28:47'),
(281, 9, 'Kaset video, VHS', 'ビデオ', 0, '2023-05-18 16:30:42', '2023-05-18 16:30:42'),
(282, 9, 'Toko', 'みせ', 0, '2023-05-18 16:31:18', '2023-05-18 16:31:18'),
(283, 9, 'Halaman', 'にわ', 0, '2023-05-18 16:31:33', '2023-05-18 16:31:33'),
(284, 9, 'Pekerjaan rumah, PR', 'じゅくだい', 0, '2023-05-18 16:31:59', '2023-05-18 16:31:59'),
(285, 9, 'Tenis', 'テニス', 0, '2023-05-18 16:32:21', '2023-05-18 16:32:21'),
(286, 9, 'Sepak bola', 'サッカー', 0, '2023-05-18 16:33:25', '2023-05-18 16:33:25'),
(287, 9, 'Menikmati bunga sakura', '「お」はなみ', 0, '2023-05-18 16:33:53', '2023-05-18 16:33:53'),
(288, 9, 'Apa', 'なに', 0, '2023-05-18 16:34:04', '2023-05-18 16:34:04'),
(289, 9, 'Bersama-sama', 'いしょに', 0, '2023-05-18 16:34:48', '2023-05-18 16:34:48'),
(290, 9, 'Sebentar, sedikit', 'ちょっと', 0, '2023-05-18 16:35:21', '2023-05-18 16:35:21'),
(291, 9, 'Selalu', 'いつも', 0, '2023-05-18 16:35:42', '2023-05-18 16:35:42'),
(292, 9, 'Kadang-kadang', 'ときどき', 0, '2023-05-18 16:36:08', '2023-05-18 16:36:08'),
(293, 9, 'Setelah itu, kemudian', 'それから', 0, '2023-05-18 16:36:29', '2023-05-18 16:36:29'),
(294, 9, 'Ya', 'ええ', 0, '2023-05-18 16:36:52', '2023-05-18 16:36:52'),
(295, 9, 'Bagus ya/baik ya', 'いいですね', 0, '2023-05-18 16:51:39', '2023-05-18 16:51:39'),
(296, 9, 'Mengerti/baik', 'わかりました', 0, '2023-05-18 16:52:08', '2023-05-18 16:52:08'),
(297, 9, 'Apa?', 'なんですか？', 0, '2023-05-18 16:52:21', '2023-05-18 16:52:21'),
(298, 9, 'Ok, sampai jumpa [besok]', 'じゃ、　また　「あした」', 0, '2023-05-18 16:53:11', '2023-05-18 16:53:11'),
(299, 9, 'Meksiko', 'メキシコ', 0, '2023-05-18 16:53:34', '2023-05-18 16:53:34'),
(300, 10, 'Memotong', 'きります', 0, '2023-05-18 19:29:56', '2023-05-28 03:18:46'),
(301, 10, 'Mengirim', 'おくります', 0, '2023-05-18 19:30:22', '2023-05-28 03:17:06'),
(302, 10, 'Memberikan', 'あげます', 0, '2023-05-18 19:30:48', '2023-05-28 03:25:33'),
(303, 10, 'Mendapatkan, menerima', 'もらいます', 0, '2023-05-18 19:31:11', '2023-05-28 03:09:58'),
(304, 10, 'Meminjamkan, menyewakan', 'かします', 0, '2023-05-18 19:32:18', '2023-05-28 03:23:58'),
(305, 10, 'Meminjam, menyewa', 'かります', 0, '2023-05-18 19:32:43', '2023-05-28 03:25:01'),
(306, 10, 'Mengajar', 'おしえます', 0, '2023-05-18 19:33:03', '2023-05-28 03:23:11'),
(307, 10, 'Belajar', 'ならいます', 0, '2023-05-18 19:33:22', '2023-05-28 03:24:35'),
(308, 10, 'Menelpon', 'かけます', 0, '2023-05-18 19:33:43', '2023-05-28 03:14:56'),
(309, 10, 'Tangan', 'て', 0, '2023-05-18 19:34:30', '2023-05-28 03:16:17'),
(310, 10, 'Sumpit', 'はし', 0, '2023-05-18 19:34:41', '2023-05-28 03:10:37'),
(311, 10, 'Sendok', 'スプーン', 0, '2023-05-18 19:35:13', '2023-05-28 03:15:28'),
(312, 10, 'Pisau', 'ナイフ', 0, '2023-05-18 19:35:55', '2023-05-28 03:10:19'),
(313, 10, 'Garpu', 'フォーク', 0, '2023-05-18 19:36:32', '2023-05-28 03:11:12'),
(314, 10, 'Gunting', 'はさみ', 0, '2023-05-18 19:37:00', '2023-05-28 03:20:26'),
(315, 10, 'Komputer, PC', 'バンコン', 0, '2023-05-18 19:39:45', '2023-05-28 03:10:11'),
(316, 10, 'HP', 'ケータイ', 0, '2023-05-18 19:40:08', '2023-05-28 03:23:24'),
(317, 10, 'E-mail', 'メール', 0, '2023-05-18 19:41:02', '2023-05-28 03:14:46'),
(318, 10, 'Kartu tahun baru', 'ねんがじょう', 0, '2023-05-18 19:43:22', '2023-05-28 03:16:13'),
(319, 10, 'Pelubang kertas', 'バンチ', 0, '2023-05-18 19:47:55', '2023-05-28 03:11:02'),
(320, 10, 'Staplar', 'ホッチキツ', 0, '2023-05-18 19:49:59', '2023-05-28 03:22:16'),
(321, 10, 'Selotip', 'セロテープ', 0, '2023-05-18 19:51:08', '2023-05-28 03:24:23'),
(322, 10, 'Penghapus karet', 'けしゴム', 0, '2023-05-18 20:01:13', '2023-05-28 03:15:37'),
(323, 10, 'Kertas', 'かみ', 0, '2023-05-18 20:01:42', '2023-05-28 03:24:43'),
(324, 10, 'Bunga', 'はな', 0, '2023-05-18 20:01:58', '2023-05-28 03:21:31'),
(325, 10, 'kemeja', 'シャツ', 0, '2023-05-18 20:02:47', '2023-05-28 03:18:34'),
(326, 10, 'Kado, hadiah', 'プレゼント', 0, '2023-05-18 20:03:23', '2023-05-28 03:20:59'),
(327, 10, 'Barang', 'にもつ', 0, '2023-05-18 20:03:51', '2023-05-28 03:23:41'),
(328, 10, 'Uang', 'おかね', 0, '2023-05-18 20:04:05', '2023-05-28 03:24:11'),
(329, 10, 'Karcis', 'きっぷ', 0, '2023-05-18 20:04:40', '2023-05-28 03:16:50'),
(330, 10, 'Natal', 'クリスマス', 0, '2023-05-18 20:04:57', '2023-05-28 03:20:37'),
(331, 10, 'Bapak, ayah', 'ちち', 0, '2023-05-18 20:05:23', '2023-05-28 03:19:48'),
(332, 10, 'Ibu', 'はは', 0, '2023-05-18 20:05:38', '2023-05-28 03:10:52'),
(333, 10, 'Bapak, ayah (ayah orang lain, dan digunakan untuk bapak kandung sendiri juga Ketika memanggilnya)', 'おとうさん', 0, '2023-05-18 20:06:40', '2023-05-28 03:16:30'),
(334, 10, 'Ibu (ibu orang lain, dan digunakan untuk ibu kandung sendiri juga Ketika memanggilnya)', 'おかあさん', 0, '2023-05-18 20:07:07', '2023-05-28 03:18:26'),
(335, 10, 'Sudah', 'もう', 0, '2023-05-18 20:07:23', '2023-05-28 03:23:48'),
(336, 10, 'Belum', 'まだ', 0, '2023-05-18 20:07:32', '2023-05-28 03:10:46'),
(337, 10, 'Mulai dari sikarang', 'これから', 0, '2023-05-18 20:07:49', '2023-05-28 03:09:45'),
(338, 10, '[~] bagus ya./[~] indah ya.', '「～」 すてきですね', 0, '2023-05-18 20:09:07', '2023-05-28 03:20:03'),
(339, 10, 'Selamat datang', 'いらっしゃいませ', 0, '2023-05-18 20:09:52', '2023-05-28 03:15:19'),
(340, 10, 'Silahkan masuk', 'どうぞ　おわがり　ください', 0, '2023-05-18 20:10:31', '2023-05-28 03:18:13'),
(341, 10, 'Bagaimana [~]? (Digunakan saat menawarkan sesuatu pada orang)', '「～は」いかがですか？', 0, '2023-05-18 20:12:18', '2023-05-28 03:15:54'),
(342, 10, 'Selamat makan! (Diucapkan sebelum minum dan makan makanan)', 'いただきます', 0, '2023-05-18 20:12:49', '2023-05-28 03:23:01'),
(343, 10, 'Terima kasih atas hidangannya (Diucapkan setelah minum dan makan makanan)', 'ごちそうさま「でした」', 0, '2023-05-18 20:13:42', '2023-05-28 03:21:23'),
(344, 10, 'Spanyol', 'スペイン', 0, '2023-05-18 20:14:05', '2023-05-28 03:10:31'),
(345, 11, 'Tampan, gagah, ganteng', 'ハンサム「な」', 0, '2023-05-18 21:24:16', '2023-06-03 00:50:35'),
(346, 11, 'Cantik, bersih', 'きれい「な」', 0, '2023-05-18 21:24:46', '2023-06-03 00:41:42'),
(347, 11, 'Sunyi, tenang', 'しずか「な」', 0, '2023-05-18 21:26:11', '2023-06-03 00:29:48'),
(348, 11, 'Ramai', 'にぎやかな', 0, '2023-05-18 21:26:39', '2023-06-03 00:32:04'),
(349, 11, 'Terkenal', 'ゆうめい「な」', 0, '2023-05-18 21:27:12', '2023-06-03 00:47:22'),
(350, 11, 'Baik hati (tidak digunakan untuk keluarga sendiri)', 'しんせつ「な」', 0, '2023-05-18 21:27:55', '2023-06-03 00:49:51'),
(351, 11, 'Sehat walafiat', 'げんき「な」', 0, '2023-05-18 21:28:28', '2023-06-03 00:38:55'),
(352, 11, 'Senggang', 'ひま「な」', 0, '2023-05-18 21:29:02', '2023-06-03 00:35:24'),
(353, 11, 'Praktis', 'べんり「な」', 0, '2023-05-18 21:29:32', '2023-06-03 00:32:25'),
(354, 11, 'Bagus', 'すてき「な」', 0, '2023-05-18 21:29:49', '2023-06-03 00:28:39'),
(355, 11, 'Besar', 'おおきい', 0, '2023-05-18 23:26:03', '2023-06-03 00:52:29'),
(356, 11, 'Kecil', 'ちいさい', 0, '2023-05-19 00:29:24', '2023-06-03 00:48:10'),
(357, 11, 'Baru', 'あたらしい', 0, '2023-05-19 00:29:50', '2023-06-03 00:31:29'),
(358, 11, 'Lama, tua', 'ふるい', 0, '2023-05-19 00:30:17', '2023-06-03 00:29:07'),
(359, 11, 'Baik, bagus', 'いい（よい）', 0, '2023-05-19 00:30:51', '2023-06-03 00:27:57'),
(360, 11, 'Buruk, jelek', 'わるい', 0, '2023-05-19 00:31:16', '2023-06-03 00:38:38'),
(361, 11, 'Panas', 'あつい', 0, '2023-05-19 00:31:31', '2023-05-30 23:39:40'),
(362, 11, 'Dingin (mengungkapkan tentang suhu udara)', 'さむい', 0, '2023-05-19 00:33:42', '2023-06-03 00:50:21'),
(363, 11, 'Dingin (mengungkapkan tentang rasa benda)', 'つめたい', 0, '2023-05-19 00:34:41', '2023-06-03 00:44:44'),
(364, 11, 'Sulit, susah', 'むずかしい', 0, '2023-05-19 00:35:06', '2023-06-03 00:32:45'),
(365, 11, 'Mudah, gampang', 'やさしい', 0, '2023-05-19 00:36:55', '2023-06-03 00:31:10'),
(366, 11, 'Mahal, tinggi', 'たかい', 0, '2023-05-19 00:38:55', '2023-06-03 00:50:42'),
(367, 11, 'Murah', 'やすい', 0, '2023-05-19 00:39:13', '2023-06-03 00:47:49'),
(368, 11, 'Rendah', 'ひくい', 0, '2023-05-19 00:39:39', '2023-06-03 00:33:08'),
(369, 11, 'Menarik', 'おもしろい', 0, '2023-05-19 00:40:09', '2023-06-03 00:25:43'),
(370, 11, 'Enak', 'おいしい', 0, '2023-05-19 00:40:59', '2023-06-03 00:28:49'),
(371, 11, 'Sibuk', 'いそがしい', 0, '2023-05-19 00:41:22', '2023-06-03 00:36:02'),
(372, 11, 'Senang', 'たのしい', 0, '2023-05-19 00:41:48', '2023-06-03 00:49:24'),
(373, 11, 'Putih', 'しろい', 0, '2023-05-19 00:42:10', '2023-06-03 00:31:17'),
(374, 11, 'Hitam', 'くろい', 0, '2023-05-19 00:42:24', '2023-06-03 00:31:45'),
(375, 11, 'Merah', 'あかい', 0, '2023-05-19 00:42:41', '2023-06-03 00:44:11'),
(376, 11, 'Biru', 'あおい', 0, '2023-05-19 00:43:01', '2023-06-03 00:31:38'),
(377, 11, 'Sakura', 'さくら', 0, '2023-05-19 00:43:15', '2023-05-30 23:39:58'),
(378, 11, 'Gunung', 'やま', 0, '2023-05-19 00:43:35', '2023-06-03 00:39:31'),
(379, 11, 'Kota', 'まち', 0, '2023-05-19 00:44:02', '2023-05-30 23:37:21'),
(380, 11, 'Makanan', 'たべもの', 0, '2023-05-19 00:44:19', '2023-06-03 00:51:55'),
(381, 11, 'Tempat', 'ところ', 0, '2023-05-19 00:45:22', '2023-06-03 00:43:42'),
(382, 11, 'Asrama', 'りょう', 0, '2023-05-19 00:45:40', '2023-06-03 00:32:13'),
(383, 11, 'Restoran', 'レストラン', 0, '2023-05-19 00:46:05', '2023-05-30 23:37:03'),
(384, 11, 'Kehidupan', 'せいかつ', 0, '2023-05-19 00:46:36', '2023-06-03 00:28:23'),
(385, 11, 'Pekerjaan', '「お」しごと', 0, '2023-05-19 00:47:04', '2023-06-03 00:28:08'),
(386, 11, 'Bagaimana', 'どう', 0, '2023-05-19 00:47:23', '2023-06-03 00:39:06'),
(387, 11, 'Yang bagaimana ~', 'どんな～', 0, '2023-05-19 00:47:59', '2023-06-03 00:40:39'),
(388, 11, 'Sangat, ~ sekali', 'とても', 0, '2023-05-19 00:49:06', '2023-06-03 00:44:01'),
(389, 11, 'Kurang begitu ~, tidak begitu ~ (diikuti dengan kalimat negatif)', 'あまり', 0, '2023-05-19 00:49:59', '2023-05-30 23:37:13'),
(390, 11, 'Kemudian, dan (digunakan untuk menyambung kalimat)', 'そして', 0, '2023-05-19 00:50:35', '2023-06-03 00:42:28'),
(391, 11, '～、tetapi ~', '～が、～', 0, '2023-05-19 00:52:10', '2023-06-03 00:29:16'),
(392, 11, 'Apa kabar?', 'おげんきですか', 0, '2023-05-19 00:53:09', '2023-06-03 00:35:47'),
(393, 11, 'Bagaimana ya?', 'そうですね', 0, '2023-05-19 00:53:40', '2023-06-03 00:41:20'),
(394, 11, 'Mau tambah [~] secangkir lagi?', '「～」もういっばい　いかがですか？', 0, '2023-05-19 00:55:37', '2023-06-03 00:48:55'),
(395, 11, '[Tidak] terima kasih, saya sudah cukup.', '「いいえ」けっこうです', 0, '2023-05-19 00:56:27', '2023-05-30 23:39:33'),
(396, 11, 'Sudah ~[ya]', 'もう～です「ね」', 0, '2023-05-19 00:57:02', '2023-05-30 23:38:28'),
(397, 11, 'Maaf, saya mau pamit dulu.', 'そろそろ　しつれいします', 0, '2023-05-19 00:58:06', '2023-06-03 00:27:31'),
(398, 11, 'Sama-sama', 'いいえ', 0, '2023-05-19 01:36:28', '2023-06-03 00:47:35'),
(399, 11, 'Silahkan, datang lagi', 'またいらっしゃってください', 0, '2023-05-19 01:37:22', '2023-05-30 23:38:01'),
(400, 11, 'Shanghai', 'シャンハイ', 0, '2023-05-19 15:23:31', '2023-06-03 00:50:11'),
(401, 11, 'Kuil Kinkakuji', 'さんかくじ', 0, '2023-05-19 15:27:14', '2023-06-03 00:27:43'),
(402, 11, 'Taman Nara', 'ならこうえん', 0, '2023-05-19 15:27:45', '2023-06-03 00:52:19'),
(403, 11, 'Gunung Fuji', 'ふじさん', 0, '2023-05-19 15:28:22', '2023-06-03 00:32:58'),
(404, 11, 'Tujuh orang Samurai', 'しちにん　の　さむらい', 0, '2023-05-19 15:30:08', '2023-06-03 00:41:25'),
(405, 12, 'Mengerti', 'わかります', 0, '2023-05-19 15:31:12', '2023-05-19 15:31:12'),
(406, 12, 'Ada, mempunyai', 'あります', 0, '2023-05-19 15:31:36', '2023-05-19 15:31:36'),
(407, 12, 'Suka, gemar', 'すき「な」', 0, '2023-05-19 15:32:34', '2023-05-19 15:32:34'),
(408, 12, 'Tidak suka', 'きらい「な」', 0, '2023-05-19 15:32:57', '2023-05-19 15:32:57'),
(409, 12, 'Pandai, pintar', 'じょうず「な」', 0, '2023-05-19 15:33:28', '2023-05-19 15:33:28'),
(410, 12, 'Tidak pandai, tidak pintar', 'へた「な」', 0, '2023-05-19 15:34:05', '2023-05-19 15:34:05'),
(411, 12, 'Minuman', 'のみもの', 0, '2023-05-19 15:34:34', '2023-05-19 15:34:34'),
(412, 12, 'Masakan', 'りょうり', 0, '2023-05-19 15:34:55', '2023-05-19 15:34:55'),
(413, 12, 'Olahraga', 'スポーツ', 0, '2023-05-19 15:36:21', '2023-05-19 15:36:21'),
(414, 12, 'Baseball', 'やきゅう', 0, '2023-05-19 15:37:04', '2023-05-19 15:37:04'),
(415, 12, 'Dansa', 'ダンス', 0, '2023-05-19 15:57:13', '2023-05-19 15:57:13'),
(416, 12, 'Tamasya', 'りょこう', 0, '2023-05-19 15:58:00', '2023-05-19 15:58:00'),
(417, 12, 'Musik', 'おんがく', 0, '2023-05-19 15:59:58', '2023-05-19 15:59:58'),
(418, 12, 'Lagu', 'うた', 0, '2023-05-19 16:00:21', '2023-05-19 16:00:21'),
(419, 12, 'Klasik', 'クラシック', 0, '2023-05-19 16:01:01', '2023-05-19 16:01:01'),
(420, 12, 'Jazz', 'ジャズ', 0, '2023-05-19 16:01:36', '2023-05-19 16:01:36'),
(421, 12, 'Konser', 'コンセート', 0, '2023-05-19 16:02:13', '2023-05-19 16:02:13'),
(422, 12, 'Karaoke', 'カラオケ', 0, '2023-05-19 16:02:33', '2023-05-19 16:02:33'),
(423, 12, 'Kabuki (Salah satu drama tradisional Jepang)', 'かぶき', 0, '2023-05-19 16:03:59', '2023-05-19 16:03:59'),
(424, 12, 'Gambar', 'え', 0, '2023-05-19 16:04:30', '2023-05-19 16:04:30'),
(425, 12, 'Huruf', 'じ', 0, '2023-05-19 16:06:13', '2023-05-19 16:06:13'),
(426, 12, 'Kanji', 'かんじ', 0, '2023-05-19 16:11:15', '2023-05-19 16:11:15'),
(427, 12, 'Hiragana', 'ひらがな', 0, '2023-05-19 16:11:46', '2023-05-19 16:11:46'),
(428, 12, 'Katakana', 'かたかな', 0, '2023-05-19 16:12:36', '2023-05-19 16:12:36'),
(429, 12, 'Huruf latin', 'ローマジ', 0, '2023-05-19 16:13:20', '2023-05-19 16:13:20'),
(430, 12, 'Uang kecil, receh', 'こまかい　おかね', 0, '2023-05-19 16:14:03', '2023-05-19 16:14:03'),
(431, 12, 'Tiket', 'チケット', 0, '2023-05-19 16:14:37', '2023-05-19 16:14:37'),
(432, 12, 'Jam, waktu', 'じかん', 0, '2023-05-19 16:15:00', '2023-05-19 16:15:00'),
(433, 12, 'Urusan', 'ようじ', 0, '2023-05-19 16:15:20', '2023-05-19 16:15:20'),
(434, 12, 'Janji', 'やくそく', 0, '2023-05-19 16:15:40', '2023-05-19 16:15:40'),
(435, 12, 'Kerja paruh waktu', 'アルバイト', 0, '2023-05-19 16:16:55', '2023-05-19 16:16:55'),
(436, 12, 'Suami (digunakan untuk menyebutkan suami orang lain)', 'ごしゅじｎ', 0, '2023-05-19 16:17:56', '2023-05-19 16:17:56'),
(437, 12, 'Suami', 'おっと/しゅじん', 0, '2023-05-19 16:18:25', '2023-05-19 16:18:25'),
(438, 12, 'Istri (digunakan untuk menyebutkan istri orang lain)', 'おくさん', 0, '2023-05-19 16:18:58', '2023-05-19 16:18:58'),
(439, 12, 'Istri', 'つま/かない', 0, '2023-05-19 16:19:38', '2023-05-19 16:19:38'),
(440, 12, 'Anak', 'こども', 0, '2023-05-19 16:19:54', '2023-05-19 16:19:54'),
(441, 12, 'Dengan baik', 'よく', 0, '2023-05-19 16:20:25', '2023-05-19 16:20:25'),
(442, 12, 'Kira-kira', 'だいたい', 0, '2023-05-19 16:20:48', '2023-05-19 16:20:48'),
(443, 12, 'Banyak', 'たくさん', 0, '2023-05-19 16:21:09', '2023-05-19 16:21:09'),
(444, 12, 'Sedikit', 'すこし', 0, '2023-05-19 16:21:40', '2023-05-19 16:21:40'),
(445, 12, 'Sama sekali', 'ぜんぜん', 0, '2023-05-19 16:22:01', '2023-05-19 16:22:01'),
(446, 12, 'Dengan cepat', 'はやく', 0, '2023-05-19 16:22:21', '2023-05-19 16:22:21'),
(447, 12, '～karena, ~sebab', '～から', 0, '2023-05-19 16:22:48', '2023-05-19 16:22:48'),
(448, 12, 'Kenapa', 'どうして', 0, '2023-05-19 16:23:15', '2023-05-19 16:23:15'),
(449, 12, 'Tolong pinjamkan', 'かしてください', 0, '2023-05-19 16:24:00', '2023-05-19 16:24:00'),
(450, 12, 'Boleh', 'いいですよ', 0, '2023-05-19 16:24:53', '2023-05-19 16:24:53'),
(451, 12, 'Sayang sekali', 'さんねんです「が」', 0, '2023-05-19 16:26:43', '2023-05-19 16:26:43'),
(452, 12, 'Ah, oh', 'ああ', 0, '2023-05-19 16:27:11', '2023-05-19 16:27:11'),
(453, 12, 'Bagaimana kalau bersama-sama?', 'いしょにいかがですか', 0, '2023-05-19 16:27:44', '2023-05-19 16:27:44'),
(454, 12, 'Maaf ya, saya tidak bisa [~]', '[~ha]ちょっと。。。', 0, '2023-05-19 16:28:36', '2023-05-19 16:28:36'),
(455, 12, 'Tidak bisa ya? / Tidak boleh ya?', 'だめですか？', 0, '2023-05-19 16:29:05', '2023-05-19 16:29:05'),
(456, 12, 'Maaf, lain kali saja ... (Ungkapan untuk menolak ajakan orang secara tidak langsung dengan menjaga perasaan lawan bicara)', 'またこんどおねがいします', 0, '2023-05-19 16:30:44', '2023-05-19 16:30:44'),
(458, 18, 'Saya membaca buku', 'わたし　は　ほん　お　よみます', 0, '2023-05-21 05:40:06', '2023-05-21 05:58:45'),
(459, 18, 'Saya membeli surat kabar di stasiun', '私　は　えき　で　しんぶん　お　かいます', 0, '2023-05-21 05:42:28', '2023-05-21 05:51:38'),
(460, 18, 'Bagaimana kalau kita pergi ke Kobe bersama-sama', 'しょうに　こうべ　へ　いきませんか', 0, '2023-05-21 05:44:31', '2023-05-21 05:56:43'),
(461, 18, 'Mari istirahat sebentar.', 'ちょっと　やすみましょう', 0, '2023-05-21 05:45:34', '2023-05-21 05:50:09'),
(462, 18, 'Minum minuman keras?', 'おさけ　お　のみますか', 0, '2023-05-21 06:02:07', '2023-05-21 06:02:07'),
(463, 18, 'Tidak, tidak minum', 'いいえ、のみません', 0, '2023-05-21 06:03:16', '2023-05-21 06:03:16'),
(464, 18, 'Setiap pagi makan apa?', 'まいあさ、なに　お　たべますか', 0, '2023-05-21 06:04:35', '2023-05-21 06:04:35'),
(465, 18, 'Makan roti dan telur', 'パン　と　たまご　お　たべます', 0, '2023-05-21 06:05:55', '2023-05-21 06:05:55'),
(466, 18, 'Hari sabtu yang lalu melakukan apa?', 'どようび　なに　お　しました　か', 0, '2023-05-21 06:08:05', '2023-05-21 06:08:05'),
(467, 18, 'Belajar bahasa Jepang. Kemudian menonton film bersama dengan teman.', '日本語　お　べんきょうしました。それから　ともだち　と　えいが　お　みました。', 1, '2023-05-21 06:13:22', '2023-05-21 06:38:42'),
(468, 18, 'Dimana membeli tas itu?', 'どこ　で　その　かばん　お　かいましたか', 0, '2023-05-21 06:15:15', '2023-05-21 06:15:15'),
(469, 18, 'Di Meksiko.', 'メキシコ　デ　かいました。', 0, '2023-05-21 06:16:27', '2023-05-21 06:16:27'),
(470, 18, 'Bagaimana kalau besok kita bermain tenis?', 'あした　テニス　お　しませんか', 0, '2023-05-21 06:18:13', '2023-05-21 06:18:13'),
(471, 18, 'Bagus ya', 'ええ、いいですね', 0, '2023-05-21 06:18:50', '2023-05-21 06:18:50'),
(472, 18, 'Kita bertemu pada pukul 10 besok di stasiun.', 'あした　１０じ　に　えき　で　あいましょう', 1, '2023-05-21 06:23:00', '2023-05-21 06:31:16'),
(473, 18, 'Baik', 'わかりました', 0, '2023-05-21 06:27:23', '2023-05-21 06:27:23'),
(474, 19, 'Ada (digunakan untuk benda mati)', 'あります', 0, '2023-06-05 13:01:15', '2023-09-03 02:38:23'),
(475, 19, 'Ada (digunakan untuk makhluk hidup)', 'います', 0, '2023-06-05 13:01:58', '2023-09-03 02:38:31'),
(477, 19, 'Berbagai', 'いろいろ[な]', 0, '2023-06-05 13:02:52', '2023-09-03 02:37:12'),
(478, 19, 'Orang laki-laki', 'おとこ　の　ひと', 0, '2023-06-05 13:03:54', '2023-09-03 02:37:26'),
(479, 19, 'Orang perempuan', 'おんな　の　ひと', 0, '2023-06-05 13:04:53', '2023-09-03 02:44:42'),
(480, 19, 'Anak laki-laki', 'おとこ　の　こ', 0, '2023-06-05 13:05:44', '2023-09-03 02:36:51'),
(481, 19, 'Anak perempuan', 'おんな　の　こ', 0, '2023-06-05 13:06:26', '2023-09-03 02:50:23'),
(483, 19, 'Anjing', 'いぬ', 0, '2023-06-05 13:07:29', '2023-09-03 02:50:00'),
(484, 19, 'Kucing', 'ねこ', 0, '2023-06-05 13:07:51', '2023-09-03 03:01:53'),
(485, 19, 'Panda', 'パンダ', 0, '2023-06-05 13:09:36', '2023-09-03 02:48:29'),
(486, 19, 'Gajah', 'ぞう', 0, '2023-06-05 13:10:13', '2023-09-03 02:57:26'),
(487, 19, 'Pohon', 'き', 0, '2023-06-05 13:10:30', '2023-09-03 02:49:48'),
(488, 19, 'Barang', 'もの', 0, '2023-06-05 13:11:08', '2023-09-03 02:45:09'),
(489, 19, 'Baterai', 'でんち', 0, '2023-06-05 13:11:54', '2023-09-03 02:37:53'),
(490, 19, 'Kotak', 'はこ', 0, '2023-06-05 13:12:12', '2023-09-03 03:06:08'),
(491, 19, 'Tombol, sakelar', 'スイッチ', 0, '2023-06-05 13:13:06', '2023-09-03 02:43:32'),
(492, 19, 'Kulkas, lemari es', 'ねいぞうこ', 0, '2023-06-05 13:14:19', '2023-09-03 02:50:54'),
(493, 19, 'Meja Makan', 'テ−ベル', 0, '2023-06-06 03:06:51', '2023-09-03 03:01:12'),
(494, 19, 'Tempat Tidur', 'ベッド', 0, '2023-06-06 03:08:17', '2023-09-03 02:38:04'),
(495, 19, 'Lemari', 'たな', 0, '2023-06-06 03:08:56', '2023-09-03 02:58:19'),
(496, 19, 'Pintu', 'ドア', 0, '2023-06-06 03:09:26', '2023-09-03 03:00:05'),
(497, 19, 'Jendela', 'まど', 0, '2023-06-06 03:09:50', '2023-09-03 02:36:59'),
(498, 19, 'Kotak Surat', 'ポスト', 0, '2023-06-06 03:10:46', '2023-09-03 03:01:44'),
(499, 19, 'Gedung', 'ピル', 0, '2023-06-06 03:12:03', '2023-09-03 02:48:14'),
(500, 19, 'Toko 24 jam', 'コンビニ', 0, '2023-06-06 03:16:19', '2023-09-03 03:04:56'),
(501, 19, 'Taman', 'こうえん', 0, '2023-06-06 03:17:07', '2023-09-03 02:56:46'),
(502, 19, 'Coffee Shop', 'きっさてん', 0, '2023-06-06 03:18:44', '2023-09-03 02:36:30'),
(503, 19, 'Toko ~', '~や', 0, '2023-06-06 03:20:07', '2023-09-03 03:05:58'),
(504, 19, 'Tempat naik', 'のりば', 0, '2023-06-06 03:20:55', '2023-09-03 02:59:55'),
(505, 19, 'Prefektur', 'けん', 0, '2023-06-06 03:21:21', '2023-09-03 02:41:43'),
(506, 19, 'Atas', 'うえ', 0, '2023-06-06 03:21:37', '2023-09-03 02:57:07'),
(507, 19, 'Bawah', 'した', 0, '2023-06-06 03:22:17', '2023-09-03 02:50:09'),
(508, 19, 'Depan, muka', 'まえ', 0, '2023-06-06 03:23:31', '2023-09-03 03:06:19'),
(509, 19, 'Belakang', 'うしろ', 0, '2023-06-06 03:24:02', '2023-09-03 02:44:24'),
(510, 19, 'Kanan', 'みぎ', 0, '2023-06-06 03:28:54', '2023-09-03 02:36:39'),
(511, 19, 'Kiri', 'ひだり', 0, '2023-06-06 03:29:20', '2023-09-03 02:51:09'),
(512, 19, 'Dalam', 'なか', 0, '2023-06-06 03:34:38', '2023-09-03 02:48:53'),
(513, 19, 'Luar', 'そと', 0, '2023-06-06 03:35:51', '2023-09-03 02:44:55'),
(514, 19, 'Sebelah', 'となり', 0, '2023-06-06 03:36:18', '2023-09-03 02:42:52'),
(515, 19, 'Dekat', 'ちかく', 0, '2023-06-06 03:37:02', '2023-09-03 02:45:35'),
(516, 19, 'Antara', 'いだ', 0, '2023-06-06 03:37:49', '2023-09-03 03:00:48'),
(517, 19, '~dan~[dan lain-lain]', '~や～「など」', 0, '2023-06-06 03:38:51', '2023-09-03 03:05:17'),
(518, 19, 'Terima kasih [Banyak]', '「どうも」すみません', 0, '2023-06-06 03:39:38', '2023-09-03 03:05:50'),
(519, 19, 'Kecap Ikan', 'ナンプラー', 0, '2023-06-06 03:41:04', '2023-09-03 02:47:32'),
(520, 19, 'Tempat/bagian penjualan', 'コーナー', 0, '2023-06-06 03:42:21', '2023-09-03 02:44:09'),
(521, 19, 'Paling bawah', 'いちばん　した', 0, '2023-06-06 03:44:27', '2023-09-03 02:49:42'),
(522, 19, 'Tokyo Disneyland', 'とうきょう　ディズニーランド', 0, '2023-06-06 03:46:22', '2023-09-03 02:56:33'),
(523, 20, 'Ada, mempunyai [anak]', 'います「こどもが～」', 1, '2023-06-06 03:47:50', '2023-09-03 11:22:18'),
(524, 20, 'Ada [di Jepang]', 'います「にほんに～」', 0, '2023-06-06 03:49:32', '2023-09-03 09:28:50'),
(525, 20, 'Memakan, perlu (digunakan untuk waktu dan uang)', 'かかります', 0, '2023-06-06 03:50:20', '2023-09-03 09:28:20'),
(526, 20, 'Tidak masuk [kerja]', 'やすみます「かいしゃお～」', 0, '2023-06-06 03:51:13', '2023-09-03 09:27:49'),
(527, 20, 'Satu (Kata bantu bilangan yang digunakan untuk menghitung barang)', 'ひとつ', 0, '2023-06-06 03:54:43', '2023-09-03 09:26:31'),
(528, 20, 'Dua', 'ふたつ', 1, '2023-06-06 03:55:14', '2023-09-03 11:40:40'),
(529, 20, 'Tiga', 'みっつ', 1, '2023-06-06 03:55:37', '2023-09-03 11:41:06'),
(530, 20, 'Empat', 'よっつ', 1, '2023-06-06 03:56:43', '2023-09-03 11:17:08'),
(531, 20, 'Lima', 'いつつ', 1, '2023-06-06 04:04:17', '2023-09-03 11:20:40'),
(532, 20, 'Enam', 'むっつ', 0, '2023-06-06 04:04:51', '2023-09-03 09:13:49'),
(533, 20, 'Tujuh', 'ななつ', 1, '2023-06-06 04:05:08', '2023-09-03 11:38:27'),
(534, 20, 'Delapan', 'やっつ', 1, '2023-06-06 04:05:39', '2023-09-03 11:20:51'),
(535, 20, 'Sembilan', 'ここのつ', 0, '2023-06-06 06:35:22', '2023-09-03 09:24:39'),
(536, 20, 'Sepuluh', 'とお', 1, '2023-06-06 06:35:58', '2023-09-03 11:48:05'),
(537, 20, 'Berapa?', 'いくつ', 1, '2023-06-06 06:37:35', '2023-09-03 11:18:08'),
(538, 20, 'Seorang', 'ひとり', 1, '2023-06-06 06:38:57', '2023-09-03 11:23:56'),
(539, 20, 'Dua orang', 'ふたり', 1, '2023-06-06 06:39:31', '2023-09-03 11:50:28'),
(540, 20, '- orang', 'ー　にん', 1, '2023-06-06 06:40:36', '2023-09-03 11:17:30'),
(541, 20, 'Buah (Kata bantu bilangan yang digunakan untuk menghitung mesin dan mobil)', 'ーだい', 1, '2023-06-06 06:42:12', '2023-09-03 11:21:53'),
(542, 20, 'Lembar, helai (Kata bantu bilangan yang digunakan untuk menghitung kertas atau perangko)', 'ーまい', 1, '2023-06-06 06:44:17', '2023-09-03 11:20:31'),
(543, 20, 'Apel', 'りんご', 1, '2023-06-06 06:45:17', '2023-09-03 11:18:18'),
(544, 20, 'Jeruk', 'みかん', 1, '2023-06-06 06:45:36', '2023-09-03 11:39:23'),
(545, 20, 'Sandwich', 'サンドイッチ', 1, '2023-06-06 06:46:46', '2023-09-03 11:44:42'),
(546, 20, '[Nasi dan] kare', 'カレー「ライス」', 1, '2023-06-06 06:47:47', '2023-09-03 11:49:33'),
(547, 20, 'Es krim', 'アイスクリーム', 1, '2023-06-06 06:48:19', '2023-09-03 11:48:55'),
(548, 20, 'Perangko', 'きって', 1, '2023-06-06 06:49:21', '2023-09-03 11:22:34'),
(549, 20, 'Kartu pos', 'はがき', 1, '2023-06-06 06:49:59', '2023-09-03 11:24:13'),
(550, 20, 'Amplop', 'ふうとう', 0, '2023-06-06 06:50:33', '2023-09-03 09:02:18'),
(551, 20, 'Orang tua', 'りょうしん', 0, '2023-06-06 06:51:09', '2023-09-03 09:21:23'),
(552, 20, 'Saudara, saudari', 'きょうだい', 0, '2023-06-06 06:51:42', '2023-09-03 08:59:53'),
(553, 20, 'Kakak laki-laki (Untuk menyebutkan kakak sendiri)', 'あに', 1, '2023-06-06 06:52:39', '2023-09-03 11:21:06'),
(554, 20, 'Kakak laki-laki (untuk menyebutkan kakak laki-laki orang lain)', 'おにいさん', 1, '2023-06-06 06:54:01', '2023-09-03 11:23:00'),
(555, 20, 'Kakak laki-laki (untuk menyebutkan kakak laki-laki orang lain)', 'おにいさん', 0, '2023-06-06 06:54:01', '2023-09-03 09:29:05'),
(556, 20, 'Kakak perempuan (Untuk menyebutkan kakak sendiri)', 'あね', 0, '2023-06-06 06:54:48', '2023-09-03 09:23:54'),
(557, 20, 'Kakak perempuan (Untuk menyebutkan kakak perempuan orang lain)', 'おねえさん', 1, '2023-06-06 06:55:42', '2023-09-03 11:39:12'),
(558, 20, 'Adik laki-laki (untuk menyebutkan adik laki-laki sendiri)', 'おとうと', 0, '2023-06-06 07:01:45', '2023-09-03 09:26:22'),
(559, 20, 'Adik laki-laki (untuk menyebutkan adik laki-laki sendiri)', 'おとうと', 1, '2023-06-06 07:01:45', '2023-09-03 11:49:46'),
(560, 20, 'Adik laki-laki (untuk menyebutkan adik laki-laki orang lain)', 'おとうとさん', 1, '2023-06-06 07:02:55', '2023-09-03 11:45:14'),
(561, 20, 'Adik perempuan (untuk menyebutkan adik perempuan sendiri)', 'いもうと', 0, '2023-06-06 07:04:05', '2023-09-03 09:08:43'),
(562, 20, 'Adik perempuan (untuk menyebutkan adik perempuan orang lain)', 'いもうとさん', 1, '2023-06-06 07:04:42', '2023-10-17 13:52:30'),
(563, 20, 'Luar negeri', 'がいこく', 1, '2023-06-06 07:05:20', '2023-09-03 11:18:51'),
(564, 20, 'Pelajar asing', 'りゅうがくせい', 1, '2023-06-06 07:05:59', '2023-09-03 11:20:21'),
(565, 20, 'Kelas', 'クラス', 0, '2023-06-06 07:06:33', '2023-09-03 09:20:58'),
(566, 20, '- Jam', 'ーじかん', 0, '2023-06-06 07:07:09', '2023-09-03 09:01:20'),
(567, 20, '- Minggu', 'ーしゅうかん', 0, '2023-06-06 07:07:45', '2023-09-03 09:10:55'),
(568, 20, '- Bulan', 'ーかげつ', 1, '2023-06-06 07:14:55', '2023-09-03 11:19:25'),
(569, 20, 'Tahun', 'ーねん', 1, '2023-06-06 07:16:08', '2023-09-03 11:21:16'),
(570, 20, 'kira-kira ~', '～ぐらい', 1, '2023-06-06 07:16:54', '2023-09-03 11:23:10'),
(571, 20, 'Berapa lama', 'どのくらい', 1, '2023-06-06 07:17:25', '2023-09-03 11:46:10'),
(572, 20, 'Semuanya', 'ぜんぶで', 1, '2023-06-06 07:18:12', '2023-09-03 11:38:49'),
(573, 20, 'Semua', 'みんな', 0, '2023-06-06 07:18:47', '2023-09-03 09:14:59'),
(574, 20, 'Hanya~, ~saja', '~だけ', 1, '2023-06-06 07:21:44', '2023-09-03 11:18:29'),
(575, 20, 'Baik', 'かしこまりました', 0, '2023-06-06 07:40:52', '2023-09-03 09:22:41'),
(576, 20, 'Cuacanya bagus ya', 'いい「お」てんきですね', 1, '2023-06-06 07:41:40', '2023-09-03 11:40:17'),
(577, 20, 'Mau keluar?', 'おでかけですか', 1, '2023-06-06 07:42:55', '2023-09-03 11:19:16'),
(578, 20, 'Ke ~ sebentar', 'ちょっと～まで', 1, '2023-06-06 07:43:53', '2023-09-03 11:16:54'),
(579, 20, 'Hati-hati', 'いってらっしゃい', 0, '2023-06-06 07:45:40', '2023-09-03 09:27:03'),
(580, 20, 'Saya berangkat', 'いってきます', 0, '2023-06-06 07:46:32', '2023-09-03 09:28:04'),
(581, 20, 'Pos laut', 'ふなびん', 1, '2023-06-06 07:47:28', '2023-09-03 11:39:45'),
(582, 20, 'Pos udara', 'こうくうびん', 1, '2023-06-06 07:48:13', '2023-09-03 11:21:41'),
(583, 20, 'Tolong', 'おねがいします', 1, '2023-06-06 07:48:41', '2023-09-03 11:19:59'),
(584, 20, 'Australia', 'オーストラリア', 0, '2023-06-06 07:49:14', '2023-09-03 09:00:34'),
(585, 21, 'Mudah, gampang', 'かんたん「な」', 0, '2023-06-06 07:51:10', '2023-06-06 07:51:10'),
(586, 21, 'Dekat', 'ちかい', 0, '2023-06-06 07:51:34', '2023-06-06 07:51:34'),
(587, 21, 'Jauh', 'とおい', 0, '2023-06-06 07:51:57', '2023-06-06 07:51:57'),
(588, 21, 'Cepat', 'はやい', 0, '2023-06-06 07:52:18', '2023-06-06 07:52:18'),
(589, 21, 'Lambat', 'おそい', 0, '2023-06-06 07:53:01', '2023-06-06 07:53:01'),
(590, 21, 'Banyak [orang]', 'おおい「ひとが～」', 0, '2023-06-06 07:53:52', '2023-06-06 07:53:52'),
(591, 21, 'Sedikit [orang]', 'すくない「ひとが」', 0, '2023-06-06 07:54:26', '2023-06-06 07:54:26');
INSERT INTO `cards` (`cards_id`, `cards_categories_id`, `cards_question`, `cards_answer`, `card_status`, `created_at`, `updated_at`) VALUES
(592, 21, 'Hangat', 'あたたかい', 0, '2023-06-06 07:55:06', '2023-06-06 07:55:06'),
(593, 21, 'Sejuk', 'すずしい', 0, '2023-06-06 07:56:55', '2023-06-06 07:56:55'),
(594, 21, 'Manis', 'あまい', 0, '2023-06-06 07:57:18', '2023-06-06 07:57:18'),
(595, 21, 'Pedas', 'からい', 0, '2023-06-06 07:57:37', '2023-06-06 07:57:37'),
(596, 21, 'Berat', 'おもい', 0, '2023-06-06 07:57:54', '2023-06-06 07:57:54'),
(597, 21, 'Ringan', 'かるい', 0, '2023-06-06 07:58:12', '2023-06-06 07:58:12'),
(598, 21, 'Lebih baik [kopi]', 'いい「コーヒーが～」', 0, '2023-06-06 07:59:13', '2023-06-06 07:59:13'),
(599, 21, 'Musim', 'きせつ', 0, '2023-06-06 08:41:46', '2023-06-06 08:41:46'),
(600, 21, 'Musim Semi', 'はる', 0, '2023-06-06 08:42:06', '2023-06-06 08:42:06'),
(601, 21, 'Musim Panas', 'なつ', 0, '2023-06-06 08:42:28', '2023-06-06 08:42:28'),
(602, 21, 'Musim Gugur', 'あき', 0, '2023-06-06 08:43:37', '2023-06-06 08:43:37'),
(603, 21, 'Musim Dingin', 'ふゆ', 0, '2023-06-06 08:43:59', '2023-06-06 08:43:59'),
(604, 21, 'Cuaca', 'てんき', 0, '2023-06-06 08:44:20', '2023-06-06 08:44:20'),
(605, 21, 'Hujan', 'あめ', 0, '2023-06-06 08:44:36', '2023-06-06 08:44:36'),
(606, 21, 'Salju', 'ゆき', 0, '2023-06-06 08:45:00', '2023-06-06 08:45:00'),
(607, 21, 'Mendung', 'くもり', 0, '2023-06-06 08:45:14', '2023-06-06 08:45:14'),
(608, 21, 'Hotel', 'ホテル', 0, '2023-06-06 08:46:16', '2023-06-06 08:46:16'),
(609, 21, 'Bandara', 'くうこう', 0, '2023-06-06 08:46:37', '2023-06-06 08:46:37'),
(610, 21, 'Laut', 'うみ', 0, '2023-06-06 08:46:50', '2023-06-06 08:46:50'),
(611, 21, 'Dunia', 'せかい', 0, '2023-06-06 08:47:06', '2023-06-06 08:47:06'),
(612, 21, 'Pesta', 'パーティー', 0, '2023-06-06 08:48:05', '2023-06-06 08:48:05'),
(613, 21, 'Perayaan', '「お」まつり', 0, '2023-06-06 08:48:35', '2023-06-06 08:48:35'),
(614, 21, 'Sukiyaki (Masakan yang dimasak daging sapi dan sayur dalam panci)', 'すきやき', 0, '2023-06-06 08:49:23', '2023-06-06 08:49:23'),
(615, 21, 'Sashimi (Ikan mentah yang dipotong tipis)', 'さしみ', 0, '2023-06-06 08:50:04', '2023-06-06 08:50:04'),
(616, 21, 'Sushi (Nasi dicampur cuka yang di atasnya diberi ikan mentah)', '「お」すし', 0, '2023-06-06 08:52:50', '2023-06-06 08:52:50'),
(617, 21, 'Tempura (Gorengan sari laut dan sayur yang dipakai tepung terigu)', 'てんぷら', 0, '2023-06-06 08:54:15', '2023-06-06 08:54:15'),
(618, 21, 'Daging babi', 'ぶたにく', 0, '2023-06-06 08:54:41', '2023-06-06 08:54:41'),
(619, 21, 'Daging ayam', 'とりにく', 0, '2023-06-06 08:55:03', '2023-06-06 08:55:03'),
(620, 21, 'Daging Sapi', 'ぎゅうにく', 0, '2023-06-07 04:32:53', '2023-06-07 04:32:53'),
(621, 21, 'Lemon', 'レモン', 0, '2023-06-07 04:33:07', '2023-06-07 04:33:07'),
(622, 21, 'Seni merangkai bunga', 'いけばな', 0, '2023-06-07 06:39:07', '2023-06-07 06:39:07'),
(623, 21, 'Maple, daun yang berubah warna menjadi merah', 'もみじ', 0, '2023-06-07 06:40:00', '2023-06-07 06:40:00'),
(624, 21, 'Yang mana?', 'どちら', 0, '2023-06-07 06:40:27', '2023-06-07 06:40:27'),
(625, 21, 'Dua-duanya, yang mana juga', 'どちらも', 0, '2023-06-07 06:42:00', '2023-06-07 06:42:00'),
(626, 21, 'Paling', 'いちばん', 0, '2023-06-07 06:42:20', '2023-06-07 06:42:20'),
(627, 21, 'Jauh lebih', 'ずっと', 0, '2023-06-07 06:43:00', '2023-06-07 06:43:00'),
(628, 21, 'Untuk pertama kali', 'はじめて', 0, '2023-06-07 06:43:35', '2023-06-07 06:43:35'),
(629, 21, 'Saya kembali/saya pulang', 'ただいま', 0, '2023-06-07 06:44:23', '2023-06-07 06:44:23'),
(630, 21, 'Saya sudah pulang', 'おかえりなさい', 0, '2023-06-07 06:45:44', '2023-06-07 06:45:44'),
(631, 21, 'Wah, banyak orang', 'わあ、すごいひとですね', 0, '2023-06-07 06:46:54', '2023-06-07 06:46:54'),
(632, 21, 'Lelah', 'つかねました', 0, '2023-06-07 06:47:20', '2023-06-07 06:47:20'),
(633, 21, 'Perayaan Gion (Perayaan yang paling terkenal di Kyoto)', 'ぎおんまつり', 0, '2023-06-07 06:49:18', '2023-06-07 06:49:18'),
(634, 21, 'Hong Kong', 'ホンコン', 0, '2023-06-07 06:50:02', '2023-06-07 06:50:02'),
(635, 21, 'Singapura', 'シンガプール', 0, '2023-06-07 06:50:38', '2023-06-07 06:50:38'),
(636, 22, 'Bermain', 'あそびます', 0, '2023-06-07 06:53:08', '2023-06-07 06:53:08'),
(637, 22, 'Berenang', 'およぎます', 0, '2023-06-07 06:53:31', '2023-06-07 06:53:31'),
(638, 22, 'Menjemput', 'むかえます', 0, '2023-06-07 06:53:48', '2023-06-07 06:53:48'),
(639, 22, 'Lelah (jika menyatakan keadaan lelah, digunakan bentuk た)', 'つかねます', 0, '2023-06-07 06:56:15', '2023-06-07 06:56:15'),
(640, 22, 'Menikah', 'けっこんします', 0, '2023-06-07 06:57:34', '2023-06-07 06:57:34'),
(641, 22, 'Berbelanja', 'かいものします', 0, '2023-06-07 06:58:10', '2023-06-07 06:58:10'),
(642, 22, 'Makan', 'しょくじします', 0, '2023-06-07 06:59:38', '2023-06-07 06:59:38'),
(643, 22, 'Berjalan-jalan [di taman]', 'さんぱします', 0, '2023-06-07 07:00:43', '2023-06-07 07:00:43'),
(644, 22, 'Berat, susah', 'たいへん「な」', 0, '2023-06-07 07:01:18', '2023-06-07 07:01:18'),
(645, 22, 'Ingin, mau', 'ほしい', 0, '2023-06-07 07:04:41', '2023-06-07 07:04:41'),
(646, 22, 'Luas', 'ひろい', 0, '2023-06-07 07:05:05', '2023-06-07 07:05:05'),
(647, 22, 'Sempit', 'せまい', 0, '2023-06-07 07:07:04', '2023-06-07 07:07:04'),
(648, 22, 'Kolam renang', 'プール', 0, '2023-06-07 07:07:57', '2023-06-07 07:07:57'),
(649, 22, 'Sungai', 'かわ', 0, '2023-06-07 07:08:15', '2023-06-07 07:08:15'),
(650, 22, 'Seni', 'びじゅつ', 0, '2023-06-07 07:08:53', '2023-06-07 07:08:53'),
(651, 22, 'Pancing', 'つり', 0, '2023-06-07 07:09:16', '2023-06-07 07:09:16'),
(652, 22, 'Ski', 'スキー', 0, '2023-06-07 07:10:18', '2023-06-07 07:10:18'),
(653, 22, 'Akhir pekan', 'しゅまつ', 0, '2023-06-07 07:10:47', '2023-06-07 07:10:47'),
(654, 22, 'Tahun Baru', '「お」しょうがつ', 0, '2023-06-07 07:11:22', '2023-06-07 07:11:22'),
(655, 22, 'Sekitar ~, kira-kira', '~ごろ', 0, '2023-06-07 07:12:05', '2023-06-07 07:12:05'),
(656, 22, 'Sesuatu', 'なにか', 0, '2023-06-07 07:12:23', '2023-06-07 07:12:23'),
(657, 22, 'Suatu tempat', 'どこか', 0, '2023-06-07 07:12:41', '2023-06-07 07:12:41'),
(658, 22, 'Haus (jika menyatakan keadaan harus)', 'のどが　かわきます', 0, '2023-06-07 07:13:41', '2023-06-07 07:13:41'),
(659, 22, 'Lapar', 'おなかが　すきます', 0, '2023-06-07 07:14:35', '2023-06-07 07:14:35'),
(660, 22, 'Ya, mari (digunakan untuk menyetujui aksi yang disarankan oleh lawan bicara)', 'そう　しましょう', 0, '2023-06-07 07:17:20', '2023-06-07 07:17:20'),
(661, 22, 'Mau pesan apa?', 'ごちょうもん　は？', 0, '2023-06-07 07:18:33', '2023-06-07 07:18:33'),
(662, 22, 'Menu paket', 'ていしょく', 0, '2023-06-07 07:20:07', '2023-06-07 07:20:07'),
(663, 22, 'Gyudon', 'ぎゅうどん', 0, '2023-06-07 07:22:44', '2023-06-07 07:22:44'),
(664, 22, 'Tunggu (sebentar)', 'しょうしょう　おまち　ください', 0, '2023-06-07 07:24:32', '2023-06-07 07:24:32'),
(665, 22, 'Bentuk halus dari です', '～で　ございます', 0, '2023-06-07 07:25:39', '2023-06-07 07:25:39'),
(666, 22, 'Sendiri-sendiri、masing-masing', 'べつべつに', 0, '2023-06-07 07:26:25', '2023-06-07 07:26:25'),
(667, 23, 'Menyalakan, memasang, menghidupkan', 'つけます II', 0, '2023-06-07 07:41:49', '2023-06-07 07:41:49'),
(668, 23, 'Mematikan, memadamkan', 'けします I', 0, '2023-06-07 07:42:26', '2023-06-07 07:42:26'),
(669, 23, 'Membuka', 'あけます II', 0, '2023-06-07 07:42:56', '2023-06-07 07:42:56'),
(670, 23, 'Menutup', 'しめます II', 0, '2023-06-07 07:43:32', '2023-06-07 07:43:32'),
(671, 23, 'Buru-buru', 'いそぎます I', 0, '2023-06-07 07:44:15', '2023-06-07 07:44:15'),
(672, 23, 'Menunggu', 'まちます I', 0, '2023-06-07 07:45:17', '2023-06-07 07:45:17'),
(673, 23, 'Membawa', 'もちます I', 0, '2023-06-07 07:45:54', '2023-06-07 07:45:54'),
(674, 23, 'Mengambil', 'とります I', 0, '2023-06-07 07:46:34', '2023-06-07 07:46:34'),
(675, 23, 'Membantu', 'てつだいます I', 0, '2023-06-07 07:47:48', '2023-06-07 07:47:48'),
(676, 23, 'Memanggil', 'よびます I', 0, '2023-06-07 07:49:18', '2023-06-07 07:49:18'),
(677, 23, 'Berbicara', 'はなします I', 0, '2023-06-07 07:50:43', '2023-06-07 07:50:43'),
(678, 23, 'Memakai', 'つかいます I', 0, '2023-06-07 07:51:21', '2023-06-07 07:51:21'),
(679, 23, 'Menghentikan, memarkir', 'とめます II', 0, '2023-06-07 07:52:27', '2023-06-07 07:52:27'),
(680, 23, 'Memperlihatkan', 'ぬせなす II', 0, '2023-06-07 07:53:40', '2023-06-07 07:53:40'),
(681, 23, 'Memberitahukan [alamat]', 'おしえます II', 0, '2023-06-07 07:54:17', '2023-06-07 07:54:17'),
(682, 23, 'Duduk', 'すわります I', 0, '2023-06-07 07:55:47', '2023-06-07 07:55:47'),
(683, 23, 'Berdiri', 'たちます I', 0, '2023-06-07 07:56:30', '2023-06-07 07:56:30'),
(684, 23, 'Masuk (ke coffee shop)', 'はいります I (きっさてん　に　～）', 0, '2023-06-07 08:31:02', '2023-06-07 08:31:02'),
(685, 23, 'Keluar (dari coffee shop)', 'でます II (きっさてん　に　～）', 0, '2023-06-07 08:33:29', '2023-06-07 08:33:29'),
(686, 23, 'Turun (Hujan)', 'ふります I「あめが～」', 0, '2023-06-07 08:34:55', '2023-06-07 08:34:55'),
(687, 23, 'Memfotokopi', 'コピーします III', 0, '2023-06-07 08:36:16', '2023-06-07 08:36:16'),
(688, 23, 'Listrik, lampu', 'でんき', 0, '2023-06-07 14:36:01', '2023-06-07 14:36:01'),
(689, 23, 'AC', 'エイコン', 0, '2023-06-07 14:36:58', '2023-06-07 14:36:58'),
(690, 23, 'Paspor', 'パスポート', 0, '2023-06-07 14:43:07', '2023-06-07 14:43:07'),
(691, 23, 'Nama', 'なまえ', 0, '2023-06-07 14:43:47', '2023-06-07 14:43:47'),
(692, 23, 'Alamat', 'じゅうしょ', 0, '2023-06-07 14:44:37', '2023-06-07 14:44:37'),
(693, 23, 'Peta', 'ちず', 0, '2023-06-07 14:45:08', '2023-06-07 14:45:08'),
(694, 23, 'Garam', 'しお', 0, '2023-06-07 14:45:39', '2023-06-07 14:45:39'),
(695, 23, 'Gula', 'さとう', 0, '2023-06-07 14:46:03', '2023-06-07 14:46:03'),
(696, 23, 'Masalah, soal', 'もんだい', 0, '2023-06-07 14:46:29', '2023-06-07 14:46:29'),
(697, 23, 'Jawaban', 'こたえ', 0, '2023-06-07 14:46:47', '2023-06-07 14:46:47'),
(698, 23, 'Cara membaca', 'よみかた', 0, '2023-06-07 14:47:09', '2023-06-07 14:47:09'),
(699, 23, 'Cara', '~かた', 0, '2023-06-07 14:47:47', '2023-06-07 14:47:47'),
(700, 23, 'Lurus', 'まっすぐすぐ', 0, '2023-06-07 14:48:30', '2023-06-07 14:48:30'),
(701, 23, 'Pelan-pelan, istirahat dengan baik', 'ゆっくり', 0, '2023-06-07 14:49:10', '2023-06-07 14:49:10'),
(702, 23, 'Segera, langsung', 'すぐ', 0, '2023-06-07 14:50:49', '2023-06-07 14:50:49'),
(703, 23, 'Lagi', 'また', 0, '2023-06-07 14:51:28', '2023-06-07 14:51:28'),
(704, 23, 'Nanti', 'あとで', 0, '2023-06-07 14:51:56', '2023-06-07 14:51:56'),
(705, 23, 'Sedikit lagi', 'もう　すこし', 0, '2023-06-07 14:52:41', '2023-06-07 14:52:41'),
(706, 23, '~ lagi', 'もう　～', 0, '2023-06-07 14:53:18', '2023-06-07 14:53:18'),
(707, 23, 'Mari (digunakan ketika mengajak atau menyuruh sesuatu kepada lawan bicara)', 'さあ', 0, '2023-06-07 14:55:27', '2023-06-07 14:55:27'),
(708, 23, 'Ah? (digunakan ketika heran kepada lawan bicara)', 'あれ？', 0, '2023-06-07 14:56:07', '2023-06-07 14:56:07'),
(709, 23, 'Tolong belok kanan di lampu lalu lintas.', 'しんこう　お　みぎ　へ　まがって　ください', 0, '2023-06-07 14:57:23', '2023-06-07 14:57:23'),
(710, 23, 'Minta dengan ini', 'これで　おねがいします', 0, '2023-06-07 14:58:18', '2023-06-07 14:58:18'),
(711, 23, 'Ulang kembali', 'おつり', 0, '2023-06-07 15:00:18', '2023-06-07 15:00:18'),
(712, 24, 'Meletakkan, menaruh', 'おきます I', 0, '2023-06-07 15:01:34', '2023-06-07 15:01:34'),
(713, 24, 'Membuat, membangun, memproduksi', 'つくります I', 0, '2023-06-07 15:02:28', '2023-06-07 15:02:28'),
(714, 24, 'Menjual', 'うります I', 0, '2023-06-07 15:02:55', '2023-06-07 15:02:55'),
(715, 24, 'Mengetahui, mengenal', 'しります I', 0, '2023-06-07 15:05:36', '2023-06-07 15:05:36'),
(716, 24, 'Tinggal', 'すみます I', 0, '2023-06-07 15:06:16', '2023-06-07 15:06:16'),
(717, 24, 'Meneliti', 'けんきゅうします I', 0, '2023-06-07 15:07:13', '2023-06-07 15:07:13'),
(718, 24, 'Data, bahan', 'しりょう', 0, '2023-06-07 15:07:57', '2023-06-07 15:07:57'),
(719, 24, 'Katalog', 'カタログ', 0, '2023-06-07 15:08:28', '2023-06-07 15:08:28'),
(720, 24, 'Jadwal', 'じこくひょう', 0, '2023-06-07 15:09:03', '2023-06-07 15:09:03'),
(721, 24, 'Baju', 'ふく', 0, '2023-06-07 15:09:38', '2023-06-07 15:09:38'),
(722, 24, 'Produk', 'せいひん', 0, '2023-06-07 15:10:14', '2023-06-07 15:10:14'),
(723, 24, 'Perangkat lunak', 'ンフト', 0, '2023-06-07 15:11:22', '2023-06-07 15:11:22'),
(724, 24, 'Kamus electronic', 'でんしじしょ', 0, '2023-06-07 15:12:02', '2023-06-07 15:12:02'),
(725, 24, 'Ekonomi', 'けいぎい', 0, '2023-06-07 15:12:34', '2023-06-07 15:12:34'),
(726, 24, 'Kantor wali kota', 'しやくしょ', 0, '2023-06-07 15:13:42', '2023-06-07 15:13:42'),
(727, 24, 'SMA', 'こうこう', 0, '2023-06-07 15:14:06', '2023-06-07 15:14:06'),
(728, 24, 'Dokter Gigi', 'はいしゃ', 0, '2023-06-07 15:14:38', '2023-06-07 15:14:38'),
(729, 24, 'Bujangan, belum berkeluarga', 'とくしん', 0, '2023-06-07 15:15:13', '2023-06-07 15:15:13'),
(730, 24, 'Maaf', 'すみません', 0, '2023-06-07 15:15:41', '2023-06-07 15:15:41'),
(731, 24, 'Semuanya, bapak-bapak dan ibu-ibu sekalian', 'みなさん', 0, '2023-06-07 15:16:40', '2023-06-07 15:16:40'),
(732, 24, 'Teringat', 'おもいだします I', 0, '2023-06-07 15:17:35', '2023-06-07 15:17:35'),
(733, 24, 'Bentuk hormat dari います', 'いらっしゃぃます I', 0, '2023-06-07 15:19:39', '2023-06-07 15:19:39'),
(734, 25, 'Naik (kereta rel listrik)', 'のります I (でんしゃに～）', 0, '2023-06-07 15:23:57', '2023-06-07 15:23:57'),
(735, 25, 'Turun (kereta rel listrik)', 'おります II (でんしゃ～））', 0, '2023-06-07 15:25:25', '2023-06-07 15:25:25'),
(736, 25, 'Ganti, pindah', 'のりかえす II', 0, '2023-06-07 15:26:03', '2023-06-07 15:26:03'),
(737, 25, 'Mandi', 'おびます II (シャプーお～）', 0, '2023-06-07 15:30:00', '2023-06-07 15:30:00'),
(738, 25, 'Memasukkan', 'いれます II', 0, '2023-06-07 15:30:54', '2023-06-07 15:30:54'),
(739, 25, 'Mengeluarkan, menyerahkan, mengirim', 'だします I', 0, '2023-06-07 15:31:40', '2023-06-07 15:31:40'),
(740, 25, 'Mengeluarkan/mengambil (uang)', 'おろします I 「おかねを～」', 0, '2023-06-07 15:33:03', '2023-06-07 15:33:03'),
(741, 25, 'Masuk (universitas)', 'はいります I 「だいがくに]', 0, '2023-06-07 15:34:19', '2023-06-07 15:34:19'),
(742, 25, 'Tamat (dari universitas)', 'でます II (だいがくお）', 0, '2023-06-07 15:37:14', '2023-06-07 15:37:14'),
(743, 25, 'Menekan', 'おします I', 0, '2023-06-07 15:37:50', '2023-06-07 15:37:50'),
(744, 25, 'Minum (minuman keras)', 'のみます I', 0, '2023-06-07 22:40:13', '2023-06-07 22:40:13'),
(745, 25, 'Mulai', 'はじめます II', 0, '2023-06-07 22:41:02', '2023-06-07 22:41:02'),
(746, 25, 'Mengunjungi', 'けんがくします III', 0, '2023-06-07 22:59:03', '2023-06-07 22:59:03'),
(747, 25, 'Menelpon', 'でんわします III', 0, '2023-06-07 22:59:49', '2023-06-07 22:59:49'),
(748, 25, 'Muda', 'わかい', 0, '2023-06-07 23:00:50', '2023-06-07 23:00:50'),
(749, 25, 'Panjang', 'なかい', 0, '2023-06-07 23:01:23', '2023-06-07 23:01:23'),
(750, 25, 'Pendek', 'みじかい', 0, '2023-06-07 23:01:57', '2023-06-07 23:01:57'),
(751, 25, 'Terang', 'おかろい', 0, '2023-06-07 23:02:26', '2023-06-07 23:02:26'),
(752, 25, 'Gelap', 'くらい', 0, '2023-06-07 23:02:58', '2023-06-07 23:02:58'),
(753, 25, 'Badan', 'からだ', 0, '2023-06-07 23:03:26', '2023-06-07 23:03:26'),
(754, 25, 'Kepala', 'あたま', 0, '2023-06-07 23:03:55', '2023-06-07 23:03:55'),
(755, 25, 'Rambut', 'かみ', 0, '2023-06-07 23:04:12', '2023-06-07 23:04:12'),
(756, 25, 'Muka', 'かお', 0, '2023-06-07 23:05:35', '2023-06-07 23:05:35'),
(757, 25, 'Mata', 'め', 0, '2023-06-07 23:05:54', '2023-06-07 23:05:54'),
(758, 25, 'Telinga', 'みみ', 0, '2023-06-07 23:06:18', '2023-06-07 23:06:18'),
(759, 25, 'Hidung', 'はな', 0, '2023-06-07 23:06:52', '2023-06-07 23:06:52'),
(760, 25, 'Mulut', 'くち', 0, '2023-06-07 23:07:16', '2023-06-07 23:07:16'),
(761, 25, 'Gigi', 'は', 0, '2023-06-07 23:07:36', '2023-06-07 23:07:36'),
(762, 25, 'Perut', 'おなか', 0, '2023-06-07 23:07:57', '2023-06-07 23:07:57'),
(763, 25, 'Kaki', 'あし', 0, '2023-06-07 23:08:15', '2023-06-07 23:08:15'),
(764, 25, 'Punggung', 'せ', 0, '2023-06-07 23:08:30', '2023-06-07 23:08:30'),
(765, 25, 'Pelayanan', 'サービス', 0, '2023-06-07 23:09:18', '2023-06-07 23:09:18'),
(766, 25, 'Jongging, lari pelan-pelan', 'ジョギンク', 0, '2023-06-07 23:10:06', '2023-06-07 23:10:06'),
(767, 25, 'Shower', 'シャワー', 0, '2023-06-07 23:10:39', '2023-06-07 23:10:39'),
(768, 25, 'Hijau, tumbuhan hijau', 'みどり', 0, '2023-06-07 23:11:42', '2023-06-07 23:11:42'),
(769, 25, 'Wihara', '「お」てら', 0, '2023-06-07 23:12:08', '2023-06-07 23:12:08'),
(770, 25, 'Kuil Shinto', 'じんじゃ', 0, '2023-06-07 23:12:40', '2023-06-07 23:12:40'),
(771, 25, 'Nomor -', 'ーばん', 0, '2023-06-07 23:13:07', '2023-06-07 23:13:07'),
(772, 25, 'Dengan cara bagaimana', 'どうやって', 0, '2023-06-07 23:13:49', '2023-06-07 23:13:49'),
(773, 25, '~yang mana (menggungkapkan lebih dari tiga barang)', 'どの～', 0, '2023-06-07 23:15:23', '2023-06-07 23:15:23'),
(774, 25, 'Mana (mengungkapkan lebih dari tiga barang)', 'どれ', 0, '2023-06-07 23:16:36', '2023-06-07 23:16:36'),
(775, 25, 'Hebat', 'すごいですね', 0, '2023-06-07 23:17:09', '2023-06-07 23:17:09'),
(776, 25, '[Tidak], belum memuaskan', '「いいえ」まだまだです', 0, '2023-06-07 23:18:00', '2023-06-07 23:18:00'),
(777, 25, 'Mau menarik uang', 'おひきだしですか', 0, '2023-06-07 23:19:00', '2023-06-07 23:19:00'),
(778, 25, 'Pertama-tama, terlebih dahulu', 'まず', 0, '2023-06-07 23:19:46', '2023-06-07 23:19:46'),
(779, 25, 'Kemudian', 'つぎに', 0, '2023-06-07 23:20:12', '2023-06-07 23:20:12'),
(780, 25, 'Kartu ATM', 'ギャッシュカード', 0, '2023-06-07 23:21:21', '2023-06-07 23:21:21'),
(781, 25, 'PIN', 'あんしゅばんこう', 0, '2023-06-07 23:22:40', '2023-06-07 23:22:40'),
(782, 25, 'Jumlah uang', 'きんがく', 0, '2023-06-07 23:23:14', '2023-06-07 23:23:14'),
(783, 25, 'Cek(mengecek, memastikan)', 'かくにん', 0, '2023-06-07 23:23:56', '2023-06-07 23:23:56'),
(784, 25, 'Tombol', 'ボタン', 0, '2023-06-07 23:25:01', '2023-06-07 23:25:01'),
(785, 25, 'Pesta salju', 'ゆきまつり', 0, '2023-06-07 23:25:52', '2023-06-07 23:25:52'),
(786, 25, 'Bandung (di Indonesia)', 'バンヅン', 0, '2023-06-07 23:26:50', '2023-06-07 23:26:50'),
(787, 25, 'Franken', 'フランケン', 0, '2023-06-07 23:27:16', '2023-06-07 23:27:16'),
(788, 25, 'Varacruz (di Meksiko)', 'ベラクルス', 0, '2023-06-07 23:28:37', '2023-06-07 23:28:37'),
(789, 26, 'Mengingat, menghafal', 'おぼえます II', 0, '2023-06-07 23:31:09', '2023-06-07 23:31:09'),
(790, 26, 'Lupa', 'わすれます II', 0, '2023-06-07 23:31:35', '2023-06-07 23:31:35'),
(791, 26, 'Kehilangan', 'なくします I', 0, '2023-06-07 23:32:07', '2023-06-07 23:32:07'),
(792, 26, 'Membayar', 'はらいます I', 0, '2023-06-07 23:34:32', '2023-06-07 23:34:32'),
(793, 26, 'Mengembalikan', 'かえします I', 0, '2023-06-07 23:35:55', '2023-06-07 23:35:55'),
(794, 26, 'Pergi, keluar, berangkat', 'てかけます II', 0, '2023-06-07 23:36:46', '2023-06-07 23:36:46'),
(795, 26, 'Buka (baju, sepatu, dan lain-lain)', 'めぎます I', 0, '2023-06-07 23:44:58', '2023-06-07 23:44:58'),
(796, 26, 'Membawa pergi', 'もっていきます I', 0, '2023-06-07 23:45:38', '2023-06-07 23:45:38'),
(797, 26, 'Membawa datang', 'もってきます III', 0, '2023-06-07 23:46:15', '2023-06-07 23:46:15'),
(798, 26, 'Mengkhawatirkan', 'しんぱいします III', 0, '2023-06-07 23:46:49', '2023-06-07 23:46:49'),
(799, 26, 'Melembur', 'しんぎょうします III', 0, '2023-06-07 23:47:55', '2023-06-07 23:47:55'),
(800, 26, 'Dinas', 'しゅっちょうします III', 0, '2023-06-07 23:50:20', '2023-06-07 23:50:20'),
(801, 26, 'Minum (Obat)', 'のみます（くすりを～）', 0, '2023-06-07 23:51:13', '2023-06-07 23:51:13'),
(802, 26, 'Mandi, masuk (ofuro)', 'はいります I (おふろに～）', 0, '2023-06-07 23:52:22', '2023-06-07 23:52:22'),
(803, 26, 'Penting, bernilai, berharga', 'たいせつ「な」', 0, '2023-06-07 23:53:10', '2023-06-07 23:53:10'),
(804, 26, 'Tidak apa-apa, tidak masalah', 'だいじょぶ「な」', 0, '2023-06-07 23:53:47', '2023-06-07 23:53:47'),
(805, 26, 'Berbahaya', 'あぶない', 0, '2023-06-07 23:54:22', '2023-06-07 23:54:22'),
(806, 26, 'Dilarang merokok', 'きんえん', 0, '2023-06-07 23:55:07', '2023-06-07 23:55:07'),
(807, 26, 'Kartu asuransi (kesehatan)', '「けんこう」ほけんしょう', 0, '2023-06-07 23:57:00', '2023-06-07 23:57:00'),
(808, 26, 'Demam', 'ねつ', 0, '2023-06-07 23:57:26', '2023-06-07 23:57:26'),
(809, 26, 'Sakit', 'びょうき', 0, '2023-06-07 23:57:48', '2023-06-07 23:57:48'),
(810, 26, 'Obat', 'くすり', 0, '2023-06-07 23:58:22', '2023-06-07 23:58:22'),
(811, 26, 'Mandi, kamar mandi', '「お」ふろ', 0, '2023-06-07 23:59:02', '2023-06-07 23:59:02'),
(812, 26, 'Baju, jaket', 'うわぎ', 0, '2023-06-07 23:59:31', '2023-06-07 23:59:31'),
(813, 26, 'Pakaian dalam', 'したぎ', 0, '2023-06-08 00:00:07', '2023-06-08 00:00:07'),
(814, 26, 'Dua atau tiga hari', '2, 3 にち', 0, '2023-06-08 00:00:44', '2023-06-08 00:00:44'),
(815, 26, 'Dua atau tiga (digunakan kata bilangan di bagian ~)', '2, 3 ~', 0, '2023-06-08 00:01:39', '2023-06-08 00:01:39'),
(816, 26, 'Sampai dengan (menyatakan batas waktu)', '~までに', 0, '2023-06-08 00:02:21', '2023-06-08 00:02:21'),
(817, 26, 'Oleh karena itu', 'ですから', 0, '2023-06-08 00:03:05', '2023-06-08 00:03:05'),
(818, 26, 'Kenapa?/Ada masalah apa?', 'どう　しますたか', 0, '2023-06-08 00:03:46', '2023-06-08 00:03:46'),
(819, 26, 'Kerongkongan', 'のど', 0, '2023-06-08 00:04:17', '2023-06-08 00:04:17'),
(820, 26, '[~] sakit', '「～が」いたいです', 0, '2023-06-08 00:05:02', '2023-06-08 00:05:02'),
(821, 26, 'Masuk angin', 'かぜ', 0, '2023-06-08 00:05:28', '2023-06-08 00:05:28'),
(822, 26, 'dan, kemudian', 'それから', 0, '2023-06-08 00:06:02', '2023-06-08 00:06:02'),
(823, 26, 'Semoga lekas sembuh (ekspresi yang diucapkan kepada orang yang sedang sakit)', 'おだいじに', 0, '2023-06-08 00:07:24', '2023-06-08 00:07:24'),
(824, 27, 'Dapat, bisa, mampu', 'できます II', 0, '2023-06-08 00:08:36', '2023-06-08 00:08:36'),
(825, 27, 'Mencuci', 'あらいます I', 0, '2023-06-08 00:09:03', '2023-06-08 00:09:03'),
(826, 27, 'Bermain (untuk bermain alat musik senar dan piano)', 'ひきます I', 0, '2023-06-08 00:09:52', '2023-06-08 00:09:52'),
(827, 27, 'Bernyanyi, menyanyi', 'うたいます I', 0, '2023-06-08 00:10:27', '2023-06-08 00:10:27'),
(828, 27, 'Mengumpulkan', 'あつめます II', 0, '2023-06-08 00:11:10', '2023-06-08 00:11:10'),
(829, 27, 'Membuang', 'すてます II', 0, '2023-06-08 03:19:38', '2023-06-08 03:19:38'),
(830, 27, 'Mengganti, menukar', 'かえます II', 0, '2023-06-08 03:21:17', '2023-06-08 03:21:17'),
(831, 27, 'Menyetir, mengendarai', 'うんてんします III', 0, '2023-06-08 03:21:58', '2023-06-08 03:21:58'),
(832, 27, 'Memesan', 'よやくします', 0, '2023-06-08 03:22:22', '2023-06-08 03:22:22'),
(833, 27, 'Piano', 'ピアノ', 0, '2023-06-08 03:22:53', '2023-06-08 03:22:53'),
(834, 27, '-meter', 'ーメーテル', 0, '2023-06-08 03:23:34', '2023-06-08 03:23:34'),
(835, 27, 'Uang tunai', 'げんきん', 0, '2023-06-08 03:24:08', '2023-06-08 03:24:08'),
(836, 27, 'Hobi, kegemaran', 'しゅみ', 0, '2023-06-08 03:24:59', '2023-06-08 03:24:59'),
(837, 27, 'Catatan harian', 'にっき', 0, '2023-06-08 03:25:21', '2023-06-08 03:25:21'),
(838, 27, 'Doa (berdoa)', 'おいのり', 0, '2023-06-08 03:25:51', '2023-06-08 03:25:51'),
(839, 27, 'Kepala seksi', 'かちょう', 0, '2023-06-08 03:26:30', '2023-06-08 03:26:30'),
(840, 27, 'Kepala bagian', 'ぷちょう', 0, '2023-06-08 03:29:07', '2023-06-08 03:29:07'),
(841, 27, 'Direktur utama', 'しゃちょう', 0, '2023-06-08 03:29:34', '2023-06-08 03:29:34'),
(842, 27, 'Hewan, binatang', 'どうぶつ', 0, '2023-06-08 03:33:18', '2023-06-08 03:33:18'),
(843, 27, 'Kuda', 'うま', 0, '2023-06-08 03:33:32', '2023-06-08 03:33:32'),
(844, 27, 'Internet', 'インターネット', 0, '2023-06-08 03:34:16', '2023-06-08 03:34:16'),
(845, 27, 'Terutama, khususnya', 'とくに', 0, '2023-06-08 03:34:54', '2023-06-08 03:34:54'),
(846, 27, 'Betul ya?/Benar ya?/Masa (digunakan ketika terkagum atau terkejut)', 'へえ', 0, '2023-06-08 03:35:48', '2023-06-08 03:35:48'),
(847, 27, 'Itu menarik ya', 'それ　は　おもしろいですね', 0, '2023-06-08 03:37:38', '2023-06-08 03:37:38'),
(848, 27, 'Betul?/Benar?', 'ほんとうですか？', 0, '2023-06-08 03:38:22', '2023-06-08 03:38:22'),
(849, 27, 'Benar-benar, mesti', 'ぜひ', 0, '2023-06-08 03:39:49', '2023-06-08 03:39:49'),
(850, 28, 'Naik', 'のほります I', 0, '2023-06-08 03:44:14', '2023-06-08 03:44:14'),
(851, 28, 'Menginap (di hotel)', 'とまります I　「ホテルニ～」', 0, '2023-06-08 03:47:28', '2023-06-08 03:47:28'),
(852, 28, 'Membersihkan', 'そうじします III', 0, '2023-06-08 03:48:32', '2023-06-08 03:48:32'),
(853, 28, 'Mencuci pakaian', 'せんたくします III', 0, '2023-06-08 03:50:41', '2023-06-08 03:50:41'),
(854, 28, 'Menjadi', 'なります', 0, '2023-06-08 03:51:13', '2023-06-08 03:51:13'),
(855, 28, 'Mengantuk', 'ねむい', 0, '2023-06-08 03:52:10', '2023-06-08 03:52:10'),
(856, 28, 'Kuat', 'つよい', 0, '2023-06-08 03:52:29', '2023-06-08 03:52:29'),
(857, 28, 'Lemah', 'よわい', 0, '2023-06-08 03:52:52', '2023-06-08 03:52:52'),
(858, 28, 'Latihan (berlatih)', 'れしゅう', 0, '2023-06-08 03:53:29', '2023-06-08 03:53:29'),
(859, 28, 'Golf', 'ゴルフ', 0, '2023-06-08 04:06:22', '2023-06-08 04:06:22'),
(860, 28, 'Sumo', 'すもう', 0, '2023-06-08 04:06:55', '2023-06-08 04:06:55'),
(861, 28, 'Upacara minum teh', 'おちゃ', 0, '2023-06-08 04:07:20', '2023-06-08 04:07:20'),
(862, 28, 'Hari', 'ひ', 0, '2023-06-08 04:07:31', '2023-06-08 04:07:31'),
(863, 28, 'Kondisi', 'ちょうし', 0, '2023-06-08 04:08:02', '2023-06-08 04:08:02'),
(864, 28, 'Sekali', 'いちど', 0, '2023-06-08 04:08:22', '2023-06-08 04:08:22'),
(865, 28, 'Sekali-kali, satu kali pun (diikuti bentuk negatif)', 'いちども', 0, '2023-06-08 04:09:12', '2023-06-08 04:09:12'),
(866, 28, 'Berangsur-angsuran, lama-kelamaan', 'だんだん', 0, '2023-06-08 04:10:06', '2023-06-08 04:10:06'),
(867, 28, 'Tidak lama lagi', 'もうすぐ', 0, '2023-06-08 04:10:25', '2023-06-08 04:10:25'),
(868, 28, 'Atas berkat (ucapan yang digunakan ketika menyatakan rasa terima kasih atas bantuan atau kebaikan hati dari orang)', 'おかげさまで', 0, '2023-06-08 04:11:31', '2023-06-08 04:11:31'),
(869, 28, 'Tetapi', 'でも', 0, '2023-06-08 04:11:46', '2023-06-08 04:11:46'),
(870, 28, 'toast', 'かんぱい', 0, '2023-06-08 04:12:03', '2023-06-08 04:12:03'),
(871, 28, 'Diet (berdiet)', 'ダイエット', 0, '2023-06-08 04:12:33', '2023-06-08 04:12:33'),
(872, 28, 'Paksa, berlebihan', 'むり「な」', 0, '2023-06-08 04:13:19', '2023-06-08 04:13:19'),
(873, 28, 'Baik untuk tubuh', 'からだ　に　いい', 0, '2023-06-08 04:13:51', '2023-06-08 04:13:51'),
(874, 28, 'Tokyo Sky Tree', 'とうきょう　スカイツリ', 0, '2023-06-08 04:14:41', '2023-06-08 04:14:41'),
(875, 29, 'Memerlukan (Visa)', 'いります I 「ビザが」', 0, '2023-06-08 04:20:15', '2023-06-08 04:20:15'),
(876, 29, 'Memeriksa, meneliti, mengecek', 'しらべます II', 0, '2023-06-08 04:22:02', '2023-06-08 04:22:02'),
(877, 29, 'Memperbaiki', 'しゅうりします III', 0, '2023-06-08 04:23:12', '2023-06-08 04:23:12'),
(878, 29, 'Aku (dipakai oleh laki-laki, kata ganti informal dari わたし）', 'ぼく', 0, '2023-06-08 04:24:28', '2023-06-08 04:24:28'),
(879, 29, 'Kamu (bentuk informal untuk あなた, digunakan terhadap orang yang setaraf atau dibawah pembicara)', 'きみ', 0, '2023-06-08 04:26:11', '2023-06-08 04:26:11'),
(880, 29, 'Sdr. ~ (bentuk informal dari さん, digunakan terhadap orang yang setaraf atau di bawah si pembicara, sering digunakan untuk nama anak laki-laki)', '~くん', 0, '2023-06-08 04:40:00', '2023-06-08 04:40:00'),
(881, 29, 'Ya (bentuk informal dari はい）', 'うん', 0, '2023-06-08 08:32:46', '2023-06-08 08:32:46'),
(882, 29, 'Tidak, bukan (bentuk informal dari いいえ)', 'ううん', 0, '2023-06-08 08:33:39', '2023-06-08 08:33:39'),
(883, 29, 'Kata, bahasa', 'ことば', 0, '2023-06-08 08:33:57', '2023-06-08 08:33:57'),
(884, 29, 'Kimono (pakaian tradisional Jepang)', 'きもの', 0, '2023-06-08 08:34:32', '2023-06-08 08:34:32'),
(885, 29, 'VISA', 'ビサ', 0, '2023-06-08 08:34:53', '2023-06-08 08:34:53'),
(886, 29, 'Awal, mula-mula', 'はじめ', 0, '2023-06-08 08:35:23', '2023-06-08 08:35:23'),
(887, 29, 'Akhir', 'おわり', 0, '2023-06-08 08:36:38', '2023-06-08 08:36:38'),
(888, 29, 'Sini (ungkapan informal dari kata こちら)', 'こっち', 0, '2023-06-08 08:37:25', '2023-06-08 08:37:25'),
(889, 29, 'Situ (ungkapan informal dari kata そちら)', 'そっち', 0, '2023-06-08 08:38:34', '2023-06-08 08:38:34'),
(890, 29, 'Sana (ungkapan informal dari kata あちら)', 'あっち', 0, '2023-06-08 08:39:25', '2023-06-08 08:39:25'),
(891, 29, 'Mana (ungkapan informal untuk kata どちら)', 'どっち', 0, '2023-06-08 08:40:46', '2023-06-08 08:40:46'),
(892, 29, 'Kita semua, kita sama-sama', 'みんなで', 0, '2023-06-08 08:41:31', '2023-06-08 08:41:31'),
(893, 29, '~Tetapi (ungkapn informal dari が)', '～けど', 0, '2023-06-08 08:42:26', '2023-06-08 08:42:26'),
(894, 29, 'Sudah kenyang', 'おなか　が　いっぱいです', 0, '2023-06-08 08:43:35', '2023-06-08 08:43:35'),
(895, 29, 'Kalau mau, kalau suka', 'よかったら', 0, '2023-06-08 08:44:19', '2023-06-08 08:44:19'),
(896, 29, 'Macam-macam', 'いろいろ', 0, '2023-06-08 08:45:07', '2023-06-08 08:45:07'),
(897, 30, 'Mengira, berpikir', 'おもいます I', 0, '2023-06-08 08:54:37', '2023-06-08 08:54:37'),
(898, 30, 'Mengatakan, berkata', 'いいます I', 0, '2023-06-08 08:55:06', '2023-06-08 08:55:06'),
(899, 30, 'Menang', 'かちます I', 0, '2023-06-08 08:55:44', '2023-06-08 08:55:44'),
(900, 30, 'Kalah', 'まけます II', 0, '2023-06-08 08:56:08', '2023-06-08 08:56:08'),
(901, 30, 'Ada, diadakan (pesta perayaan)', 'おります I (おまつりが～）', 0, '2023-06-08 08:57:16', '2023-06-08 08:57:16'),
(903, 30, 'Berguna, bermanfaat', 'やくに　たちます I', 0, '2023-06-08 08:58:37', '2023-06-08 08:58:37'),
(904, 30, 'Pindah, bergerak', 'うごきます I', 0, '2023-06-08 08:59:12', '2023-06-08 08:59:12'),
(905, 30, 'Berhenti (kerja)', 'やめます II「かいしゃお～」', 0, '2023-06-08 09:00:12', '2023-06-08 09:00:12'),
(906, 30, 'Berwaspada, berhati-hati', 'きおつけます II', 0, '2023-06-08 10:03:03', '2023-06-08 10:03:03'),
(907, 30, 'Studi di luar negeri', 'りゅうがくします III', 0, '2023-06-08 10:04:00', '2023-06-08 10:04:00'),
(908, 30, 'Sia-sia, tidak berguna', 'むだ「な」', 0, '2023-06-08 10:07:26', '2023-06-08 10:07:26'),
(909, 30, 'Tidak praktis', 'ふべん「な」', 0, '2023-06-08 10:08:13', '2023-06-08 10:08:13'),
(910, 30, 'Hebat, bukan main (digunakan untuk menyatakan kejutan atau kekaguman)', 'すごい', 0, '2023-06-08 10:09:02', '2023-06-08 10:09:02'),
(911, 30, 'Betul, benar', 'ほんとう', 0, '2023-06-08 10:09:40', '2023-06-08 10:09:40'),
(912, 30, 'Bohong', 'うそ', 0, '2023-06-08 10:09:58', '2023-06-08 10:09:58'),
(913, 30, 'Mobil', 'じどうしゃ', 0, '2023-06-08 10:10:23', '2023-06-08 10:10:23'),
(914, 30, 'Lalu lintas', 'こうつう', 0, '2023-06-08 10:10:57', '2023-06-08 10:10:57'),
(915, 30, 'Harga barang', 'ぶっか', 0, '2023-06-08 10:11:49', '2023-06-08 10:11:49'),
(916, 30, 'Siaran, pengumuman', 'ほうそう', 0, '2023-06-08 10:12:13', '2023-06-08 10:12:13'),
(917, 30, 'Warta Berita', 'ニュース', 0, '2023-06-08 10:12:45', '2023-06-08 10:12:45'),
(918, 30, 'Animasi', 'アニメ', 0, '2023-06-08 10:13:05', '2023-06-08 10:13:05'),
(919, 30, 'Manga, komik', 'マンガ', 0, '2023-06-08 10:13:28', '2023-06-08 10:13:28'),
(920, 30, 'Desain, model', 'デザイン', 0, '2023-06-08 10:13:55', '2023-06-08 10:13:55'),
(921, 30, 'Mimpi', 'ゆめ', 0, '2023-06-08 10:14:21', '2023-06-08 10:14:21'),
(922, 30, 'Genius', 'てんさい', 0, '2023-06-08 10:14:42', '2023-06-08 10:14:42'),
(923, 30, 'Pertandingan (bertanding)', 'しあい', 0, '2023-06-08 10:15:15', '2023-06-08 10:15:15'),
(924, 30, 'Pendapat', 'いけん', 0, '2023-06-08 10:15:40', '2023-06-08 10:15:40'),
(925, 30, 'Cerita (bercerita, berbicara)', 'はなし', 0, '2023-06-08 10:16:14', '2023-06-08 10:16:14'),
(926, 30, 'Bumi', 'ちきゅう', 0, '2023-06-08 10:16:41', '2023-06-08 10:16:41'),
(927, 30, 'Bulan', 'つき', 0, '2023-06-08 10:16:59', '2023-06-08 10:16:59'),
(928, 30, 'Akhir-akhir ini', 'さいきん', 0, '2023-06-08 10:17:20', '2023-06-08 10:17:20'),
(929, 30, 'Mungkin, barangkali', 'たぶん', 0, '2023-06-08 10:17:44', '2023-06-08 10:17:44'),
(930, 30, 'Pasti', 'きっと', 0, '2023-06-08 10:18:07', '2023-06-08 10:18:07'),
(931, 30, 'Betul-betul', 'ほんとうに', 0, '2023-06-08 10:18:32', '2023-06-08 10:18:32'),
(932, 30, 'Tidak begitu (diikuti bentuk negatif)', 'そんなに', 0, '2023-06-08 10:19:08', '2023-06-08 10:19:08'),
(933, 30, 'Tentang ~, mengenai ~', '～について', 0, '2023-06-08 10:20:06', '2023-06-08 10:20:06'),
(934, 30, 'Sudah lama tidak bertemu ya', 'ひさしぶりですね', 0, '2023-06-08 10:26:29', '2023-06-08 10:26:29'),
(935, 30, 'Bagaimana kalau kita minum ~, atau apa saja?', '～でも　のみませんか？', 0, '2023-06-08 10:27:37', '2023-06-08 10:27:37'),
(936, 30, 'Tentu saja', 'もちろん', 0, '2023-06-08 10:27:56', '2023-06-08 10:27:56'),
(937, 30, 'Saya harus pulang', 'もうかえらないと', 0, '2023-06-08 10:28:38', '2023-06-08 10:28:38'),
(938, 30, 'Kanguru', 'カンガル', 0, '2023-06-08 10:29:21', '2023-06-08 10:29:21'),
(939, 31, 'Memakai (kemeja)', 'きます II', 0, '2023-06-08 11:06:04', '2023-06-08 11:06:04'),
(940, 31, 'Memakai (sepatu, celana)', 'はきます I', 0, '2023-06-08 11:06:35', '2023-06-08 11:06:35'),
(941, 31, 'Memakai (topi)', 'かぷります I', 0, '2023-06-08 11:07:13', '2023-06-08 11:07:13'),
(942, 31, 'Memakai (kaca mata)', 'かけます II 「めがねを～」', 0, '2023-06-08 11:08:11', '2023-06-08 11:08:11'),
(943, 31, 'Memakai [dasi]', 'します III 「ネクタイを～」', 0, '2023-06-08 11:09:32', '2023-06-08 11:09:32'),
(944, 31, 'Lahir', 'うまれます II', 0, '2023-06-08 11:10:10', '2023-06-08 11:10:10'),
(945, 31, 'Kami, kita', 'わたしたち', 0, '2023-06-08 11:26:50', '2023-06-08 11:26:50'),
(946, 31, 'Mantel', 'コート', 0, '2023-06-08 11:27:24', '2023-06-08 11:27:24'),
(947, 31, 'Sweater, baju hangat', 'ヤーター', 0, '2023-06-08 11:29:06', '2023-06-08 11:29:06'),
(948, 31, 'Pakaian setelan', 'スーツ', 0, '2023-06-08 11:29:42', '2023-06-08 11:29:42'),
(949, 31, 'Topi', 'ほうし', 0, '2023-06-08 11:30:13', '2023-06-08 11:30:13'),
(950, 31, 'Kaca mata', 'めがね', 0, '2023-06-08 11:30:32', '2023-06-08 11:30:32'),
(951, 31, 'Kue', 'ケーキ', 0, '2023-06-08 11:30:59', '2023-06-08 11:30:59'),
(952, 31, 'Bekal', '「お」べんとう', 0, '2023-06-08 11:31:36', '2023-06-08 11:31:36'),
(953, 31, 'Robot', 'ロボット', 0, '2023-06-08 11:32:08', '2023-06-08 11:32:08'),
(954, 31, 'Humor', 'ユーモア', 0, '2023-06-08 11:33:43', '2023-06-08 11:33:43'),
(955, 31, 'Kondisi', 'つごう', 0, '2023-06-08 11:34:22', '2023-06-08 11:34:22'),
(956, 31, 'Sering kali', 'よく', 0, '2023-06-08 11:34:39', '2023-06-08 11:34:39'),
(957, 31, 'Itu...', 'えーと', 0, '2023-06-08 11:35:09', '2023-06-08 11:35:09'),
(958, 31, 'Selamat (digunakan untuk hari ulang tahun, upacara pernikahan, dan tahun baru)', 'おめでとう「ございます」', 0, '2023-06-08 11:36:05', '2023-06-08 11:36:05'),
(959, 31, 'Mencari apa?', 'おしゃがしですか？', 0, '2023-06-08 11:37:06', '2023-06-08 11:37:06'),
(960, 31, 'Kalau begitu', 'でわ', 0, '2023-06-08 11:37:21', '2023-06-08 11:37:21'),
(961, 31, 'Ini (ungkapan sopan dari これ)', 'こちら', 0, '2023-06-08 11:38:24', '2023-06-08 11:38:24'),
(962, 31, 'Biaya sewa rumah', 'やちん', 0, '2023-06-08 11:38:57', '2023-06-08 11:38:57'),
(963, 31, 'Ruang makan dengan dapur', 'タイニングキッチン', 0, '2023-06-08 11:40:06', '2023-06-08 11:40:06'),
(964, 31, 'Kamar ala Jepang', 'わしつ', 0, '2023-06-08 11:41:06', '2023-06-08 11:41:06'),
(965, 31, 'Lemari dinding ala Jepang', 'おしいれ', 0, '2023-06-08 11:41:45', '2023-06-08 11:41:45'),
(966, 31, 'Selimut dan kasur berisi kapas ala Jepang', 'ふとん', 0, '2023-06-08 11:42:25', '2023-06-08 11:42:25'),
(967, 31, 'Paris', 'パリ', 0, '2023-06-08 11:42:57', '2023-06-08 11:42:57'),
(968, 31, 'Tembok Besar China', 'はんり　の　ちゅうじょう', 0, '2023-06-08 11:44:17', '2023-06-08 11:44:17'),
(969, 32, 'Bertanya (kepada guru)', 'ききます I 「せんせいに」', 0, '2023-06-08 11:45:52', '2023-06-08 11:45:52'),
(970, 32, 'Memutar', 'まわします I', 0, '2023-06-08 11:46:21', '2023-06-08 11:46:21'),
(971, 32, 'Tarik', 'ひきます I', 0, '2023-06-08 11:46:44', '2023-06-08 11:46:44'),
(972, 32, 'Mengubah', 'かえます II', 0, '2023-06-08 11:47:09', '2023-06-08 11:47:09'),
(973, 32, 'Menyentuh (pintu)', 'さわります I (ドアに～）', 0, '2023-06-08 23:08:14', '2023-06-08 23:08:14'),
(974, 32, 'Keluar (uang kembali)', 'でます II (おつりが～)', 0, '2023-06-08 23:10:01', '2023-06-08 23:10:01'),
(975, 32, 'Berjalan kaki', 'あるきます I', 0, '2023-06-08 23:11:34', '2023-06-08 23:11:34'),
(976, 32, 'Menyeberang (jembatan)', 'わたります I 「はしを～」', 0, '2023-06-08 23:12:38', '2023-06-08 23:12:38'),
(977, 32, 'Belok (ke kanan)', 'まがります I「みぎへ～」', 0, '2023-06-08 23:14:24', '2023-06-08 23:14:24'),
(978, 32, 'Sepi', 'さびしい', 0, '2023-06-08 23:15:00', '2023-06-08 23:15:00'),
(979, 32, 'Air Panas', '「お」ゆ', 0, '2023-06-08 23:15:30', '2023-06-08 23:15:30'),
(980, 32, 'Bunyi, suara', 'おと', 0, '2023-06-08 23:15:49', '2023-06-08 23:15:49'),
(981, 32, 'Ukuran', 'サイズ', 0, '2023-06-08 23:36:43', '2023-06-08 23:36:43'),
(982, 32, 'Kerusakan (rusak)', 'こしょう', 0, '2023-06-08 23:38:10', '2023-06-08 23:38:10'),
(983, 32, 'Jalan', 'みち', 0, '2023-06-08 23:39:05', '2023-06-08 23:39:05'),
(984, 32, 'Perempatan', 'こうさてん', 0, '2023-06-08 23:39:33', '2023-06-08 23:39:33'),
(985, 32, 'Lampu lalu lintas', 'しんごう', 0, '2023-06-08 23:42:15', '2023-06-08 23:42:15'),
(986, 32, 'Sudut', 'かど', 0, '2023-06-08 23:42:47', '2023-06-08 23:42:47'),
(987, 32, 'Jembatan', 'はし', 0, '2023-06-08 23:43:04', '2023-06-08 23:43:04'),
(988, 32, 'Tempat parkir', 'ちゅうしゃじょう', 0, '2023-06-08 23:43:58', '2023-06-08 23:43:58'),
(989, 32, 'Gedung', 'たてもの', 0, '2023-06-08 23:44:33', '2023-06-08 23:44:33'),
(990, 32, 'Berkali-kali', 'なんかいも', 0, '2023-06-08 23:44:56', '2023-06-08 23:44:56'),
(991, 32, 'Yang ke - (mengungkapkan urutan)', 'ーめ', 0, '2023-06-08 23:45:45', '2023-06-08 23:45:45'),
(992, 33, 'Diberikan', 'くれます II', 0, '2023-06-08 23:47:43', '2023-06-08 23:47:43'),
(993, 33, 'Mengoreksi', 'なおします I', 0, '2023-06-08 23:48:11', '2023-06-08 23:48:11'),
(994, 33, 'Membawa, mengajak pergi', 'つれて　いきます I', 0, '2023-06-08 23:49:09', '2023-06-08 23:49:09'),
(995, 33, 'Membawa datang, mengajak datang', 'つれて　きます III', 0, '2023-06-08 23:49:56', '2023-06-08 23:49:56'),
(996, 33, 'Mengantar (orang)', 'おくります I', 0, '2023-06-08 23:50:43', '2023-06-08 23:50:43'),
(997, 33, 'Memperkenalkan', 'しょうかいします III', 0, '2023-06-08 23:51:30', '2023-06-08 23:51:30'),
(998, 33, 'Mengantarkan', 'あんないします III', 0, '2023-06-08 23:52:16', '2023-06-08 23:52:16'),
(999, 33, 'Menjelaskan, menerangkan', 'せつめいします III', 0, '2023-06-08 23:53:04', '2023-06-08 23:53:04'),
(1000, 33, 'Kakek', 'おじいさん / おじいちゃん', 0, '2023-06-08 23:53:44', '2023-06-08 23:53:44'),
(1001, 33, 'Nenek', 'おばあさん / おばあちゃん', 0, '2023-06-08 23:54:34', '2023-06-08 23:54:34'),
(1002, 33, 'Persiapan (mempersiapkan, menyiapkan)', 'じゅんび', 0, '2023-06-08 23:56:25', '2023-06-08 23:56:25'),
(1003, 33, 'Pindah rumah (pindah, memindahkan)', 'ひっこし', 0, '2023-06-08 23:57:05', '2023-06-08 23:57:05'),
(1004, 33, 'Kue', '「お」かし', 0, '2023-06-08 23:57:29', '2023-06-08 23:57:29'),
(1005, 33, 'Homestay', 'ホームステイ', 0, '2023-06-08 23:58:01', '2023-06-08 23:58:01'),
(1006, 33, 'Semua', 'せんぶ', 0, '2023-06-08 23:58:28', '2023-06-08 23:58:28'),
(1007, 33, 'Dengan sendiri', 'じぶんで', 0, '2023-06-08 23:59:05', '2023-06-08 23:59:05'),
(1008, 33, 'Selain, yang lain', 'ほかに', 0, '2023-06-09 00:00:54', '2023-06-09 00:00:54'),
(1009, 33, 'Hari ibu', 'はは　の　ひ', 0, '2023-06-09 00:01:32', '2023-06-09 00:01:32'),
(1010, 34, 'Berpikir, memikirkan', 'かんがえます II', 0, '2023-06-09 00:03:03', '2023-06-09 00:03:03'),
(1011, 34, 'Tiba, sampai', 'つきます II', 0, '2023-06-09 00:03:28', '2023-06-09 00:03:28'),
(1012, 34, 'Berumur, lanjut usia', 'とります I （としを～）', 0, '2023-06-09 00:04:23', '2023-06-09 00:04:23'),
(1013, 34, 'Cukup', 'たります II', 0, '2023-06-09 00:04:47', '2023-06-09 00:04:47'),
(1014, 34, 'Desa, kampung halaman', 'いなか', 0, '2023-06-09 00:05:40', '2023-06-09 00:05:40'),
(1015, 34, 'Kesempatan', 'チャンス', 0, '2023-06-09 00:06:04', '2023-06-09 00:06:04'),
(1016, 34, 'Ratusan juta', 'おく', 0, '2023-06-09 00:06:32', '2023-06-09 00:06:32'),
(1017, 34, 'Kalau', 'もし「～たら」', 0, '2023-06-09 00:07:07', '2023-06-09 00:07:07'),
(1018, 34, 'Arti, makna', 'いみ', 0, '2023-06-09 00:07:27', '2023-06-09 00:07:27'),
(1019, 34, 'Halo (digunakan ketika menelpon)', 'もしもし', 0, '2023-06-09 00:08:04', '2023-06-09 00:08:04'),
(1020, 34, 'Pindah ke kantor cabang lain atau jabatan lain (pindah kantor)', 'てんきん', 0, '2023-06-09 00:09:00', '2023-06-09 00:09:00'),
(1021, 34, 'Hal', 'こと', 0, '2023-06-09 00:09:15', '2023-06-09 00:09:15'),
(1022, 34, 'Waktu luang', 'ひま', 0, '2023-06-09 00:10:18', '2023-06-09 00:10:18'),
(1023, 34, 'Terima kasih banyak bantuan Anda yang telah diberikan', '「いろいろ」おせわに　なりました。', 0, '2023-06-09 00:11:46', '2023-06-09 00:11:46'),
(1024, 34, 'Berusaha, bekerja keras', 'がんばります I', 0, '2023-06-09 00:12:25', '2023-06-09 00:12:25'),
(1025, 34, 'Semoga sehat-sehat selalu. (digunakan ketika perpisahan dalam jangka waktu lama)', 'どうぞ　おげんきで', 0, '2023-06-09 00:13:53', '2023-06-09 00:13:53'),
(1026, 34, 'Vietnam', 'ベトナム', 0, '2023-06-09 00:14:24', '2023-06-09 00:14:24'),
(1027, 13, 'Saya Mike Miller', 'わたし　は　マイク　。　ミラーです', 1, '2023-06-10 00:58:13', '2023-10-25 16:16:17'),
(1028, 13, 'Sdr. Santos bukan mahasiswa', 'サントスさん　は　がくせい　じゃありません', 1, '2023-06-10 00:59:44', '2023-10-25 16:15:33'),
(1029, 13, 'Apakah Sdr. Miller pegawai perusahaan', 'ミラさん　は　かいしゃいんですか？', 1, '2023-06-10 01:01:20', '2023-10-25 16:15:55'),
(1030, 13, 'Sdr. Santos juga pegawai perusahaan', 'サントスさん　も　かいしゃいんです。', 1, '2023-06-10 01:02:53', '2023-10-25 16:16:05'),
(1031, 35, 'Saya Mike Miller', 'わたし　は　マイク　。　ミラーです', 0, '2023-06-10 01:04:30', '2023-10-13 14:18:12'),
(1032, 35, 'Sdr. Santos bukan mahasiswa', 'サントスさん　は　がくせい　じゃありません', 0, '2023-06-10 01:04:45', '2023-10-13 14:18:07'),
(1033, 35, 'Apakah Sdr. Miller pegawai perusahaan', 'ミラさん　は　かいしゃいんですか？', 0, '2023-06-10 01:05:01', '2023-10-13 14:18:34'),
(1034, 35, 'Sdr. Santos juga pegawai perusahaan', 'サントスさん　も　かいしゃいんです。', 0, '2023-06-10 01:05:14', '2023-10-13 13:39:10'),
(1035, 35, 'Ini kamus', 'これ　は　じしょです', 0, '2023-06-10 01:06:31', '2023-10-13 14:17:53'),
(1036, 35, 'Ini payung saya', 'これは　わたしの　かさです', 0, '2023-06-10 01:07:30', '2023-10-13 14:18:19'),
(1037, 35, 'Buku ini punya saya', 'この　ほんは　わたしのです', 0, '2023-06-10 01:08:26', '2023-10-13 14:18:10'),
(1038, 35, 'Di sini kantin', 'ここは　しょくどうです', 1, '2023-06-10 01:09:34', '2023-10-25 16:14:42'),
(1039, 35, 'Lift di sana', 'エレベーターは　あそこです', 0, '2023-06-10 01:10:21', '2023-10-13 14:18:15'),
(1040, 35, 'Sekarang pukul empat lewat lima menit', 'いま　四じ五ふんです', 0, '2023-06-10 01:12:08', '2023-10-13 14:18:03'),
(1041, 35, 'Saya bangun pukul enam setiap pagi', 'わたしは　まいあさ　六じに　おきます', 0, '2023-06-10 01:13:24', '2023-10-13 14:18:05'),
(1042, 35, 'Saya belajar kemarin', 'わたし　は　きのう　べんきょうしました', 0, '2023-06-10 01:14:09', '2023-10-13 14:18:16'),
(1043, 35, 'Saya pergi ke Kyoto', 'わたしは　きょとへ　いきます', 0, '2023-06-10 07:51:09', '2023-10-13 14:18:11'),
(1044, 35, 'Saya pulang ke rumah dengan taksi', 'わたしは　タクシーで　うちへ　かえります', 0, '2023-06-10 07:52:26', '2023-10-13 14:18:31'),
(1045, 35, 'Saya datang ke Jepang bersama dengan keluarga', 'わたしは　かぞくと　にほんへ　きました', 0, '2023-06-10 07:54:25', '2023-10-13 13:54:00'),
(1057, 35, 'Saya membaca buku', 'わたしは　ほんを　よみます', 0, '2023-06-18 22:29:16', '2023-10-13 13:31:17'),
(1058, 35, 'Saya membeli surat kabar di stasiun', 'わたしは　えきで　しんぶんを　かいます', 0, '2023-06-18 22:30:32', '2023-10-13 14:17:56'),
(1059, 35, 'Bagaimana kalau kita pergi ke Kobe bersama-sama', 'いっしょに　こべへ　いきませんか', 0, '2023-06-18 22:37:06', '2023-10-13 14:18:06'),
(1060, 35, 'Mari istirahat sebentar!', 'ちょっと　やすみましょう', 0, '2023-06-18 22:39:01', '2023-10-13 14:18:36'),
(1061, 35, 'Saya menonton film dengan komputer', 'わたしは　パンコンで　えいがを　みます', 0, '2023-06-18 22:41:33', '2023-10-13 13:36:27'),
(1062, 35, 'Saya memberikan bunga kepada Sdr. Kimura', 'わたしは　きむらさんに　はなを　あげます', 0, '2023-06-18 22:42:55', '2023-10-13 14:18:24'),
(1063, 35, 'Saya mendapatkan cokelat dari Sdr. Karina', 'わたしは　カリナさんに　チィコレートを　もらいました', 0, '2023-06-18 22:45:03', '2023-10-13 14:18:02'),
(1064, 35, 'Saya telah mengirim e-mail', 'わたしは　もう　メールを　おくりました', 0, '2023-06-18 22:47:13', '2023-10-13 13:43:31'),
(1065, 35, 'Sakura indah', 'さくらは　きれいです', 0, '2023-06-18 22:52:30', '2023-10-13 14:18:08'),
(1066, 35, 'Gunung Fuji tinggi', 'ふじさんは　たかいです', 0, '2023-06-18 22:53:17', '2023-10-13 14:18:37'),
(1067, 35, 'Sakura adalah bunga yang indah', 'さくらは　きれいな　はなです', 0, '2023-06-18 22:54:12', '2023-10-13 14:18:40'),
(1068, 35, 'Gunung Fuji adalah gunung yang tinggi', 'ふじさんは　たかい　やまです', 0, '2023-06-18 22:55:23', '2023-10-13 14:18:39'),
(1069, 35, 'Saya suka masakan Italia', 'わたしは　イタリアりょうりが　すきです', 0, '2023-06-18 22:58:38', '2023-10-13 14:17:54'),
(1070, 35, 'Saya dapat mengerti bahasa Jepang sedikit', 'わたしは　にほんごが 少し　わかります', 0, '2023-06-18 23:00:00', '2023-10-13 13:24:31'),
(1071, 35, 'Saya dapat pulang cepat karena hari ini hari ulang tahun anak saya', 'きょうは　こどもの　たんじょうびですから　はやく　かえります', 0, '2023-06-18 23:02:53', '2023-10-13 14:17:50'),
(1072, 35, 'Disana ada toko 24 jam', 'あそこに　コンビニが　あります', 0, '2023-06-18 23:04:54', '2023-10-13 14:18:17'),
(1073, 35, 'Di lobi ada Sdr. Santo', 'ロビーに　さんとうさんが　います', 0, '2023-06-18 23:06:36', '2023-10-13 14:17:59'),
(1074, 35, 'Tokyo Disneyland terletak di prefektur Chiba', 'とうきょうディズニーランドは　ちばけんに　あります', 0, '2023-06-18 23:18:15', '2023-10-13 14:17:52'),
(1075, 35, 'Keluarga ada di New York', 'かぞくは　ニューヨークに　います', 0, '2023-06-18 23:20:49', '2023-10-13 14:18:14'),
(1135, 38, 'Orang Jepang', '日本人 (にほん　じん）', 0, '2023-09-03 15:09:26', '2023-09-09 22:28:00'),
(1136, 38, 'Hari libur', '休日（きゅうじつ）', 0, '2023-09-03 15:10:00', '2023-09-09 22:29:16'),
(1137, 38, 'Matahari; Hari', '日　（ひ）', 0, '2023-09-03 15:19:22', '2023-09-09 22:30:40'),
(1138, 38, 'Jepang', '日本　（にほん）', 0, '2023-09-03 15:20:54', '2023-09-09 22:31:01'),
(1139, 38, 'Buku harian', '日記（にっき）', 0, '2023-09-03 15:25:34', '2023-09-09 22:29:41'),
(1140, 38, 'Hari ke-3', '三日　（みっか）', 0, '2023-09-03 15:26:31', '2023-09-09 22:29:26'),
(1141, 38, 'Hari ini', '今日（きょう）', 0, '2023-09-03 15:27:25', '2023-09-09 22:30:50'),
(1142, 38, 'Setiap hari', '毎日　（まいにち）', 0, '2023-09-03 15:28:03', '2023-09-09 22:29:56'),
(1143, 38, 'Minggu', '日曜日　（にちようび）', 0, '2023-09-03 15:29:08', '2023-09-09 22:30:28'),
(1144, 39, 'Bulan', '月　（つき）', 0, '2023-09-03 15:51:58', '2023-09-25 23:31:05'),
(1145, 39, 'Bulan ini', '今月（こんげつ）', 0, '2023-09-03 15:52:29', '2023-09-25 23:31:56'),
(1147, 39, 'Satu bulan', '一ヶ月（いちげつ）', 0, '2023-09-03 15:55:08', '2023-09-25 23:31:43'),
(1148, 39, 'Januari', '一月　（いちがつ）', 0, '2023-09-03 15:56:02', '2023-09-25 23:31:20'),
(1149, 39, 'Senin', '月曜日　（げつようび）', 0, '2023-09-03 15:58:17', '2023-09-25 23:30:57'),
(1150, 39, 'Bulan depan', '来月　（らいげつ）', 0, '2023-09-03 15:58:50', '2023-09-25 23:31:34'),
(1151, 40, 'Kimura (Nama Jepang)', '木村　（きむら）', 0, '2023-09-06 13:45:30', '2023-09-09 22:58:11'),
(1152, 40, 'Pohon-pohon yang indah', '佳木　（かぼく）', 0, '2023-09-06 13:57:53', '2023-09-09 22:58:35'),
(1153, 40, 'Pohon', '木　（き）', 0, '2023-09-06 13:58:19', '2023-09-09 22:56:10'),
(1154, 40, 'Semak-semak', '木立　（こだち）', 0, '2023-09-06 13:59:01', '2023-09-09 22:57:08'),
(1155, 40, 'Kamis', '木曜日　（もくようび）', 0, '2023-09-06 13:59:25', '2023-09-09 22:56:00'),
(1156, 40, 'Jupiter', '木星　（もくせい）', 0, '2023-09-06 14:00:01', '2023-09-09 22:56:34'),
(1157, 40, 'Pohon tua', '大木　（たいぼく）', 0, '2023-09-06 14:00:36', '2023-09-09 22:56:53'),
(1158, 40, 'Pohon tumbang', '倒木　（とうぼく）', 0, '2023-09-06 14:01:12', '2023-09-09 22:57:37'),
(1160, 41, 'Gunung berapi', '火山　（かざん）', 0, '2023-09-06 14:04:14', '2023-09-17 14:34:59'),
(1161, 41, 'Kebakaran hutan', '山火事　（やまかじ）', 0, '2023-09-06 14:05:05', '2023-09-17 14:35:38'),
(1162, 41, 'Yamada (nama manusia)', '山田さん　（やまださん）', 0, '2023-09-06 14:05:34', '2023-09-17 14:34:10'),
(1163, 41, 'Jalan gunung', '山道　（やまみち）', 0, '2023-09-06 14:06:10', '2023-09-17 14:33:58'),
(1164, 41, 'Kaki gunung/dasar gunung', '山元　（やまもと）', 0, '2023-09-06 14:07:08', '2023-09-17 14:35:51'),
(1165, 41, 'Kerumunan orang', '人山　（ひとやま）', 0, '2023-09-06 14:07:34', '2023-09-17 14:35:08'),
(1166, 41, 'Gunung; bukit', '山　（やま）', 0, '2023-09-06 14:08:24', '2023-09-17 14:34:47'),
(1167, 41, 'Gunung Fuji', '富士山　（ふじさん）', 0, '2023-09-06 14:09:04', '2023-09-17 14:34:38'),
(1168, 42, 'Sungai', '川', 0, '2023-09-06 22:32:38', '2023-09-09 23:34:38'),
(1169, 42, 'Naik di sungai (berlayar; bernyanyi; makan ...)', '川遊び　（かわあそび）', 0, '2023-09-06 22:34:08', '2023-09-09 23:39:21'),
(1170, 42, 'Tepi sungai', '川岸　（かわぎし）', 0, '2023-09-06 22:35:28', '2023-09-09 23:33:52'),
(1171, 42, 'Galaxy', '天の川　（あまのかわ）', 0, '2023-09-06 22:36:26', '2023-09-09 23:39:53'),
(1172, 42, 'Dasar sungai', '川床　（かわどこ）', 0, '2023-09-06 22:36:58', '2023-09-09 23:39:41'),
(1173, 42, 'Sungai kering', '川原　（かわはら）', 0, '2023-09-06 22:37:24', '2023-09-09 23:35:05'),
(1174, 42, 'Hilir', '川下　（かわしも）', 0, '2023-09-06 22:37:55', '2023-09-09 23:41:32'),
(1176, 42, 'Sungai Nil', 'ナイル川　（ナイルかわ）', 0, '2023-09-06 22:43:15', '2023-09-09 23:34:29'),
(1177, 42, 'Sungai', '河川　（かせん）', 0, '2023-09-06 22:48:35', '2023-09-09 23:34:16'),
(1178, 42, 'Mulut sungai', '川口　（かわぐち）', 0, '2023-09-07 22:46:08', '2023-09-09 23:40:05'),
(1179, 43, 'Sawah', '田んぼ　（たんぼ）', 0, '2023-09-07 22:47:08', '2023-09-09 23:06:59'),
(1180, 43, 'Tanah yang dibudidayakan', '田園　（でんえん）', 0, '2023-09-07 22:47:54', '2023-09-09 23:22:25'),
(1181, 43, 'Sawah', '水田　（すいでん）', 0, '2023-09-07 22:48:18', '2023-09-09 23:07:33'),
(1182, 43, 'Yamada (nama Jepang)', '山田　（やまだ）', 0, '2023-09-07 22:50:57', '2023-09-09 23:07:12'),
(1183, 43, 'Tanaka (nama Jepang)', '田中　（たなか）', 0, '2023-09-07 22:52:02', '2023-09-09 23:06:42'),
(1184, 43, 'Danau berair asin; bidang untuk pengeringan garam;', '塩田　（えんでん）', 0, '2023-09-07 22:55:51', '2023-09-09 23:21:57'),
(1185, 43, 'Tanah pertanian; Sawah;', '田地　（でんち）', 0, '2023-09-07 22:56:45', '2023-09-09 23:20:38'),
(1186, 43, 'Pedesaan; Desa;', '田舎　（いなか）', 0, '2023-09-07 22:57:15', '2023-09-09 23:23:13'),
(1187, 44, 'Tiga orang', '三人　（さんにん）', 0, '2023-09-08 22:33:40', '2023-09-09 22:27:26'),
(1188, 44, 'Seorang; Satu orang;', '一人　（ひとつ）', 0, '2023-09-08 22:34:10', '2023-09-09 22:27:15'),
(1189, 44, 'Pria;Orang;', '人　（ひと）', 0, '2023-09-08 22:35:01', '2023-09-09 22:26:55'),
(1190, 44, 'Dua orang', '二人　（ふたり）', 0, '2023-09-08 22:35:24', '2023-09-09 22:27:06'),
(1191, 44, 'Orang Vietnam', 'ベトナム人　（ベトナムじん）', 0, '2023-09-08 22:36:04', '2023-09-09 22:26:47'),
(1192, 45, 'Tradisi lisan', '口伝　（くでん）', 0, '2023-09-10 00:03:41', '2023-09-10 23:02:04'),
(1193, 45, 'Mulut', '口　（くち）', 0, '2023-09-10 00:04:21', '2023-09-10 23:00:45'),
(1194, 45, 'Pintu masuk pusat', '中口 （たなぐち）', 0, '2023-09-10 00:05:07', '2023-09-10 23:00:14'),
(1195, 45, 'Pasangan', '両口　（りょうくち）', 0, '2023-09-10 00:05:52', '2023-09-10 23:01:03'),
(1196, 45, 'Keluar', '出口　（でぐち）', 0, '2023-09-10 00:06:12', '2023-09-10 23:01:31'),
(1197, 45, 'Populasi', '人口　（じんこう）', 0, '2023-09-10 00:06:46', '2023-09-10 23:00:39'),
(1198, 45, 'Pintu masuk', '入口　（いりぐち）', 0, '2023-09-10 00:07:26', '2023-09-10 23:01:19'),
(1199, 45, 'Selokan utara', '北口　(きたぐち）', 0, '2023-09-10 00:08:22', '2023-09-10 23:02:17'),
(1200, 46, 'Di dalam kereta;Mobil;', '車内　（しゃない）', 0, '2023-09-10 22:34:54', '2023-09-17 15:00:41'),
(1201, 46, 'Biaya angkutan', '車代　（くるまだい）', 0, '2023-09-10 22:37:10', '2023-09-17 15:00:27'),
(1202, 46, 'Ambulans', '救急車　（きゅうきゅうしゃ）', 0, '2023-09-10 22:38:11', '2023-09-17 15:06:19'),
(1203, 46, 'Kereta', '自転車　（じてんしゃ）', 0, '2023-09-10 22:39:11', '2023-09-17 15:01:16'),
(1204, 46, 'Kursi roda', '車いす　（くるまいす）', 0, '2023-09-10 22:40:26', '2023-09-17 15:02:03'),
(1205, 46, 'Kereta', '電車　（でんしゃ）', 0, '2023-09-10 22:41:59', '2023-09-17 15:01:47'),
(1206, 46, 'Mobil', '車　（くるま）', 0, '2023-09-10 22:42:34', '2023-09-17 15:02:14'),
(1207, 46, 'Parkir', '駐車場　（ちゅうしゃじょう）', 0, '2023-09-10 22:44:42', '2023-09-17 15:05:36'),
(1208, 47, 'Mengkhususkan', '専門　（せんもん）', 0, '2023-09-12 22:44:47', '2023-09-17 14:26:49'),
(1209, 47, 'Bagian', '部門　（ぶもん）', 0, '2023-09-12 22:45:28', '2023-09-17 14:25:10'),
(1210, 47, 'Di depan gerbang', '門前　（もんぜん）', 0, '2023-09-12 22:46:12', '2023-09-17 14:26:19'),
(1211, 47, 'Memulai kehidupan baru', '門出　（かどで）', 0, '2023-09-12 22:46:50', '2023-09-17 14:24:44'),
(1212, 47, 'Memasuki sebuah institusi;Memulai pelatihan', '入門　（にゅうもん）', 0, '2023-09-12 22:47:38', '2023-09-17 14:27:58'),
(1213, 47, 'Pohon hias mini (Pohon dihiasi liburan Tet)', '門松　（かどまつ）', 0, '2023-09-12 22:50:14', '2023-09-17 14:27:41'),
(1214, 47, 'Murid', '門人　（もんじん）', 0, '2023-09-12 22:50:54', '2023-09-17 14:24:21'),
(1215, 47, 'Bagian', '亜門　（あもん）', 0, '2023-09-12 22:51:30', '2023-09-17 14:25:57'),
(1216, 47, 'Gerbang', '門　（もん）', 0, '2023-09-12 22:51:51', '2023-09-17 14:25:20'),
(1217, 47, 'Gerbang utama', '正門　（せいもん）', 0, '2023-09-12 22:52:19', '2023-09-17 14:25:36'),
(1218, 48, 'Gunung berapi', '火山　（かざん）', 0, '2023-09-12 22:54:33', '2023-09-25 23:26:13'),
(1219, 48, 'Kekuatan pemanasan; Daya termal;', '火力　（かりょく）', 0, '2023-09-12 22:55:11', '2023-09-25 23:27:29');
INSERT INTO `cards` (`cards_id`, `cards_categories_id`, `cards_question`, `cards_answer`, `card_status`, `created_at`, `updated_at`) VALUES
(1220, 48, 'Kematian karena terbakar;', '火刑　（かけい）', 0, '2023-09-12 22:55:57', '2023-09-25 23:27:08'),
(1221, 48, 'Terjadi kebakaran;', '出火　（しゅっか）', 0, '2023-09-12 22:56:47', '2023-09-25 23:28:39'),
(1222, 48, 'Luka bakar', '火傷　（やけど）', 0, '2023-09-12 22:57:21', '2023-09-25 23:25:41'),
(1223, 48, 'Selasa', '火曜日　（かようび）', 0, '2023-09-12 22:57:51', '2023-09-25 23:27:50'),
(1224, 48, 'panas membara (burning hot)', '火照り　（ほてり）', 0, '2023-09-12 22:58:49', '2023-09-25 23:26:45'),
(1225, 48, 'Api', '火　（ひ）', 0, '2023-09-12 22:59:46', '2023-09-25 23:26:01'),
(1226, 48, 'Kembang api', '花火　（はなび）', 0, '2023-09-12 23:00:16', '2023-09-25 23:25:04'),
(1227, 48, 'Api', '火事　（かじ）', 0, '2023-09-12 23:01:01', '2023-09-25 23:25:13'),
(1228, 49, 'Parfum', '香水　（こうすい）', 1, '2023-09-15 12:18:25', '2023-10-13 15:40:48'),
(1229, 49, 'Air mesin', '水道　（すいどう）', 0, '2023-09-15 12:18:56', '2023-09-25 23:12:34'),
(1230, 49, 'Renang', '水泳　（すいえい）', 0, '2023-09-15 12:19:32', '2023-09-25 23:14:24'),
(1231, 49, 'Air dingin', '冷水　（れいすい）', 0, '2023-09-15 12:20:19', '2023-09-25 23:13:12'),
(1232, 49, 'Banjir', '冠水　（かんすい）', 0, '2023-09-15 12:20:50', '2023-09-25 23:13:56'),
(1233, 49, 'Pelaut', '水兵　（すいへい）', 0, '2023-09-15 12:21:50', '2023-09-25 23:12:49'),
(1234, 49, 'Bunuh diri dengan tenggelam', '入水　（じゅすい）', 0, '2023-09-15 13:02:58', '2023-09-25 23:14:37'),
(1235, 49, 'Rabu', '水曜日　（すいようび）', 0, '2023-09-15 13:04:55', '2023-09-25 23:13:37'),
(1236, 49, 'Air', '水　（みず）', 0, '2023-09-15 13:05:27', '2023-09-25 23:14:05'),
(1237, 49, 'Baju renang', '水着　（みずぎ）', 0, '2023-09-15 13:05:53', '2023-09-25 23:15:04'),
(1238, 50, 'Ruang', '室 (しつ）', 0, '2023-09-15 13:20:48', '2023-09-17 14:54:16'),
(1239, 50, 'Kamar gaya Jepang', '和室　（わしつ）', 0, '2023-09-15 13:23:36', '2023-09-17 14:53:06'),
(1240, 50, 'Diluar rumah', '室外　（しつがい）', 0, '2023-09-15 13:24:36', '2023-09-17 14:53:30'),
(1241, 50, 'Kantor terpisah;Ruang tambahan;', '分室　（ぶんしつ）', 0, '2023-09-15 13:25:35', '2023-09-17 14:52:03'),
(1242, 50, 'Istri seseorang', '内室　（ないしつ）', 0, '2023-09-15 13:26:11', '2023-09-17 14:53:52'),
(1243, 50, 'Memasuki sebuah ruangan', '入室　（にゅうしつ）', 0, '2023-09-15 13:26:59', '2023-09-17 14:50:06'),
(1244, 50, 'Dalam', '室内　（しつない）', 0, '2023-09-15 13:27:31', '2023-09-17 14:49:43'),
(1245, 50, 'Laboratorium', '研究室　（けんきゅうしつ）', 0, '2023-09-15 13:28:21', '2023-09-17 14:51:40'),
(1246, 51, 'Tugas Rumah', '家事　（かじ）', 0, '2023-09-15 23:01:30', '2023-09-17 03:55:10'),
(1247, 51, 'Pemilik rumah', '家主　（やぬし）', 0, '2023-09-15 23:02:08', '2023-09-17 03:53:27'),
(1248, 51, 'Sebuah keluarga;Seluruh keluarga;', '一家　（いっか）', 0, '2023-09-15 23:03:12', '2023-09-17 03:53:39'),
(1249, 51, 'Tuan tanah', '大家　（おおや）', 0, '2023-09-15 23:03:49', '2023-09-17 03:53:50'),
(1250, 51, 'Novelis', '小説家　（しょうせつか）', 0, '2023-09-15 23:04:44', '2023-09-17 03:56:27'),
(1251, 51, 'Keluarga;', '家族　（かぞく）', 0, '2023-09-15 23:05:37', '2023-09-17 03:52:35'),
(1252, 51, 'Mebel', '家具　（かぐ）', 0, '2023-09-15 23:06:09', '2023-09-17 03:56:44'),
(1253, 51, 'Pelayan', '家来　（けらい）', 0, '2023-09-15 23:06:34', '2023-09-17 03:55:25'),
(1254, 51, 'Rumah', '家　（いえ）', 0, '2023-09-15 23:07:19', '2023-09-17 03:55:56'),
(1255, 51, 'Penulis', '作家　（さっか）', 0, '2023-09-15 23:07:47', '2023-09-17 03:55:46'),
(1256, 51, 'Tutor', '家庭教師　（かていきょうし）', 0, '2023-09-15 23:08:46', '2023-09-17 03:54:45'),
(1257, 52, 'Tingkat rendah;Kelas rendah;', '低度　（ていど）', 0, '2023-09-16 13:49:34', '2023-09-17 14:16:03'),
(1258, 52, 'Dua kali;Dua tingkat;', '二度　（にど）', 0, '2023-09-16 13:50:09', '2023-09-17 14:11:23'),
(1259, 52, 'Sering;Berkali-kali;', '度々　（たびたび）', 0, '2023-09-16 13:50:46', '2023-09-17 14:17:55'),
(1260, 52, 'Berapa kali;Seberapa sering;', '何度　（なんど）', 0, '2023-09-16 13:51:31', '2023-09-17 14:16:26'),
(1261, 52, 'Kecepatan', '速度　（そくど）', 0, '2023-09-16 13:52:26', '2023-09-17 14:14:33'),
(1262, 52, 'Lain kali;Kali ini;', '今度　（こんど）', 0, '2023-09-16 13:53:09', '2023-09-17 14:17:19'),
(1263, 52, 'Sekali', '一度　（いちど）', 0, '2023-09-16 13:53:36', '2023-09-17 14:17:34'),
(1264, 52, 'Mempersiapkan', '支度　（したく）', 0, '2023-09-16 13:54:30', '2023-09-17 14:11:07'),
(1265, 52, 'Tentu;Pasti;', '屹度　（きっと）', 0, '2023-09-16 14:00:04', '2023-09-17 14:16:53'),
(1266, 53, 'Setoran', '入金　（にゅうきん）', 0, '2023-09-17 21:58:50', '2023-09-17 23:29:52'),
(1267, 53, 'Modal;Pokok;', '元金　（がんきん）', 0, '2023-09-17 22:01:10', '2023-09-17 23:30:47'),
(1268, 53, 'Uang tunai', '現金　（げんきん）', 0, '2023-09-17 22:01:37', '2023-09-17 23:28:53'),
(1269, 53, 'Biaya;Pembayaran;', '代金　（だいきん）', 0, '2023-09-17 22:07:00', '2023-09-17 23:29:26'),
(1270, 53, 'Jumat', '金曜日　（きんようび）', 0, '2023-09-17 22:07:51', '2023-09-17 23:30:15'),
(1271, 53, 'Uang', 'お金　（おかね）', 0, '2023-09-17 22:08:17', '2023-09-17 23:23:12'),
(1272, 53, 'Paku besi', '金釘 (かなくぎ）', 0, '2023-09-17 22:10:47', '2023-09-17 23:27:25'),
(1273, 53, 'Pajak', '税金　（ぜいきん）', 0, '2023-09-17 22:11:19', '2023-09-17 23:31:14'),
(1274, 53, 'Kaya', 'お金持ち　（おかねもち）', 0, '2023-09-17 22:11:51', '2023-09-17 23:26:59'),
(1276, 53, 'Kunyit', '鬱金　（ウコン）', 0, '2023-09-17 22:18:46', '2023-09-17 23:24:22'),
(1277, 53, 'Emas', '黄金　（おうごん）', 0, '2023-09-17 22:19:36', '2023-09-17 23:25:02'),
(1278, 54, 'Suvenir', 'お土産　（おみやげ）', 0, '2023-09-18 22:12:57', '2023-09-18 23:13:21'),
(1279, 54, 'Tanah', '土　（つち）', 0, '2023-09-18 22:14:44', '2023-09-18 23:14:31'),
(1280, 54, 'Dohyou (cincin di pertarungan gulat sumo)', '土俵　（どひょう）', 0, '2023-09-18 22:15:40', '2023-09-18 23:11:47'),
(1281, 54, 'Warga asli;asli;', '土人　（どじん）', 0, '2023-09-18 22:16:19', '2023-09-18 23:14:54'),
(1282, 54, 'Bawah tanah', '土中　（どちゅう）', 0, '2023-09-18 22:17:11', '2023-09-18 23:14:46'),
(1283, 54, 'Sabtu', '土曜日　（どようび）', 0, '2023-09-18 22:18:13', '2023-09-18 23:15:09'),
(1284, 54, 'Neraka', '冥土　（めいど）', 0, '2023-09-18 22:19:23', '2023-09-18 23:11:21'),
(1285, 54, 'Teknik sipil', '土木　（どぼく）', 0, '2023-09-18 22:24:39', '2023-09-18 23:15:18'),
(1286, 54, 'Tanah', '土地　（どち）', 0, '2023-09-18 22:25:11', '2023-09-18 23:11:54'),
(1287, 55, 'Cengkeh', '丁子　（ちょうじ）', 0, '2023-09-19 13:31:32', '2023-09-19 14:57:44'),
(1288, 55, 'Anakku', 'うちの子　（うちのこ）', 0, '2023-09-19 13:32:16', '2023-09-19 15:00:49'),
(1289, 55, 'Siswi', '女子学生　（じょしがくせい）', 0, '2023-09-19 13:33:05', '2023-09-19 15:05:30'),
(1290, 55, 'Tengah malam (jam tikus - zodiak tanda jam)', '子の刻　（ねのこく）', 0, '2023-09-19 13:40:07', '2023-09-19 15:06:11'),
(1291, 55, 'Anak', '子ども', 0, '2023-09-19 13:40:52', '2023-09-19 15:09:26'),
(1292, 55, 'Elektronik', '電子　（でんし）', 0, '2023-09-19 13:41:19', '2023-09-19 14:56:54'),
(1293, 55, 'Ahli waris;Penerus;', '世子　（せいし）', 0, '2023-09-19 13:43:11', '2023-09-19 14:58:08'),
(1294, 55, 'Terong;Aubergine;', '茄子　（なす）', 0, '2023-09-19 13:46:05', '2023-09-19 15:08:15'),
(1295, 55, 'Kursi', '椅子　（いす）', 0, '2023-09-19 13:48:42', '2023-09-19 14:57:23'),
(1296, 55, 'Wajah;Menghormati;', '面子　（めんつ）', 0, '2023-09-19 13:50:10', '2023-09-19 14:59:22'),
(1297, 56, 'Wanita', '女人　（にょにん）', 0, '2023-09-19 22:09:02', '2023-09-19 23:24:57'),
(1298, 56, 'Nyonya (pemilik wanita)', '女主（おんなぬし）', 0, '2023-09-19 22:12:55', '2023-09-19 23:24:33'),
(1299, 56, 'Wanita;Perempuan;', '女性　（じょせい）', 0, '2023-09-19 22:14:15', '2023-09-19 23:28:55'),
(1300, 56, 'Wanita;', '女の人　（おんなのひと）', 0, '2023-09-19 22:15:22', '2023-09-19 23:28:25'),
(1301, 56, 'Dewi', '女神　（めがみ）', 0, '2023-09-19 22:16:51', '2023-09-19 23:27:33'),
(1302, 56, 'Cewek-cewek', '女の子　（おんなのこ）', 0, '2023-09-19 22:19:38', '2023-09-19 23:23:47'),
(1303, 56, 'Pembantu;Pelayan Wanita;', '女中　（じょちゅう）', 0, '2023-09-19 22:20:29', '2023-09-19 23:26:33'),
(1304, 56, 'Putri sulung (kepala putri)', '長女　（ちょうじょ）', 0, '2023-09-19 22:21:36', '2023-09-19 23:25:58'),
(1305, 56, 'Tubuh wanita', '女体　（にょたい）', 0, '2023-09-19 22:22:32', '2023-09-19 23:27:05'),
(1306, 56, 'Istri', '女房　（にょうぼう）', 0, '2023-09-19 22:23:56', '2023-09-19 23:28:08'),
(1307, 57, 'Mahasiswa', '学生', 0, '2023-09-21 22:20:50', '2023-09-21 22:20:50'),
(1308, 57, 'Literatur', '文学　（ぶんがく）', 0, '2023-09-21 22:21:46', '2023-09-21 22:21:46'),
(1309, 57, 'Mempelajari', '学ぶ', 0, '2023-09-21 22:22:37', '2023-09-21 22:22:37'),
(1310, 57, 'Sekolah', '学校　（がっこう）', 0, '2023-09-21 22:23:12', '2023-09-21 22:23:12'),
(1311, 57, 'Universitas', '大学　（だいがく）', 0, '2023-09-21 22:24:24', '2023-09-21 22:24:24'),
(1312, 58, 'Hari ulang tahun', '誕生日　（たんじょうび）', 0, '2023-09-22 13:37:40', '2023-09-22 23:16:48'),
(1313, 58, 'Dilahirkan', '生まれる　（うまれる）', 0, '2023-09-22 13:38:15', '2023-09-22 23:13:30'),
(1314, 58, 'Murni;Kelahiran alami;', '生粋　（きっすい）', 0, '2023-09-22 13:40:46', '2023-09-22 23:12:55'),
(1315, 58, 'Untuk memanfaatkan;Untuk;', '生かす　（いかす）', 0, '2023-09-22 13:42:02', '2023-09-22 23:14:40'),
(1317, 58, 'Melahirkan;', '生む　（うむ）', 0, '2023-09-22 13:48:46', '2023-09-22 23:17:04'),
(1318, 58, 'Untuk meningkatkan;Untuk memakai;', '生やす　（はやす）', 0, '2023-09-22 13:50:56', '2023-09-22 23:18:26'),
(1319, 58, 'Seumur hidup', '一生　（いっしょう）', 0, '2023-09-22 13:52:44', '2023-09-22 23:16:16'),
(1320, 58, 'Pertumbuhan;Pengembangan;', '生える　（はえる）', 0, '2023-09-22 13:56:36', '2023-09-22 23:16:06'),
(1321, 58, 'Hidup (tidak diproses);Segar;', '生　（なま）', 0, '2023-09-22 13:58:21', '2023-09-22 23:18:06'),
(1322, 58, 'Murid;Siswa;', '学生　（がくせい）', 0, '2023-09-22 14:00:10', '2023-09-22 23:17:54'),
(1323, 58, 'Guru', '先生　（せんせい）', 0, '2023-09-22 14:01:24', '2023-09-22 23:27:05'),
(1324, 58, 'Hidup', '生きる　（いきる）', 0, '2023-09-22 14:02:13', '2023-09-22 23:26:39'),
(1325, 59, 'Mengirim', 'おくります (おくって）', 0, '2023-09-24 02:45:23', '2023-10-06 03:23:59'),
(1326, 59, 'Membeli', 'かいます　（かって）', 0, '2023-09-24 02:51:20', '2023-10-06 02:46:51'),
(1327, 59, 'Membuat', 'つくります　（つくって）', 0, '2023-09-24 02:51:38', '2023-10-06 03:25:23'),
(1328, 59, 'Minum', 'のみます　（のんで）', 0, '2023-09-24 02:53:24', '2023-10-06 03:10:10'),
(1329, 59, 'Memilih', 'えらびます　（えらんで）', 0, '2023-09-24 02:53:54', '2023-10-06 02:39:26'),
(1330, 59, 'Membawa', 'もちます　（もって）', 0, '2023-09-24 02:54:34', '2023-10-06 03:24:43'),
(1331, 59, 'Membawa pergi', 'もっていきます　（もっていて）', 0, '2023-09-24 02:56:07', '2023-10-06 02:39:57'),
(1332, 59, 'Menjual', 'うります　（うって）', 0, '2023-09-24 02:57:34', '2023-10-06 02:54:07'),
(1333, 59, 'Mengambil', 'とります　（とって）', 0, '2023-09-24 02:57:59', '2023-10-06 03:11:37'),
(1334, 59, 'Mengantar (orang)', 'おくります　（おくって）', 0, '2023-09-24 03:05:19', '2023-10-06 03:09:59'),
(1335, 59, 'Masuk', 'はいります　（はいって）', 0, '2023-09-24 03:07:57', '2023-10-06 02:55:16'),
(1336, 59, 'Kembali', 'もどります　（もどって）', 0, '2023-09-24 03:08:20', '2023-10-06 03:24:21'),
(1337, 59, 'Naik (kendaraan)', 'のります　（のって）', 0, '2023-09-24 03:09:03', '2023-10-06 02:54:23'),
(1338, 59, 'Menginap', 'とまります　（とまって）', 0, '2023-09-24 03:09:45', '2023-10-06 02:39:13'),
(1339, 59, 'Ada (benda mati)', 'あります　（あって）', 0, '2023-09-24 03:10:22', '2023-10-06 02:48:50'),
(1340, 59, 'Bertemu', 'あいます　（あって）', 0, '2023-09-24 03:10:46', '2023-10-06 03:24:54'),
(1341, 59, 'Istirahat', 'やすみます　（やすんで）', 0, '2023-09-24 03:11:09', '2023-10-06 02:53:43'),
(1342, 59, 'Bermain', 'あそびます　（あそんで）', 0, '2023-09-24 03:11:52', '2023-10-06 02:40:33'),
(1343, 59, 'Berenang', 'およぎます　（およいで）', 0, '2023-09-24 03:12:30', '2023-10-06 02:50:57'),
(1344, 59, 'Bekerja', 'はたらきます　（はたらきって）', 0, '2023-09-24 03:13:47', '2023-10-06 02:50:01'),
(1345, 59, 'Pergi', 'いきます　（いって）', 0, '2023-09-24 03:14:09', '2023-10-06 02:48:30'),
(1346, 59, 'Pulang', 'かえります　（かえって）', 0, '2023-09-24 03:14:40', '2023-10-06 03:23:28'),
(1347, 59, 'Menonton', 'みま（みて）', 0, '2023-09-24 03:15:33', '2023-10-06 03:09:45'),
(1348, 59, 'Turun (kendaraan)', 'おります　（おて）', 0, '2023-09-24 03:16:01', '2023-10-06 02:45:23'),
(1349, 59, 'Makan', 'たべます　（たべて）', 0, '2023-09-24 03:16:29', '2023-10-06 02:49:21'),
(1350, 59, 'Membuang', 'すてます　（すてて）', 0, '2023-09-24 03:17:05', '2023-10-06 02:47:20'),
(1351, 59, 'Keluar', 'でます　（でて）', 0, '2023-09-24 03:17:32', '2023-10-06 02:42:37'),
(1352, 59, 'Berpergian', 'でかけます　（でかけて）', 0, '2023-09-24 03:18:12', '2023-10-06 03:09:32'),
(1353, 59, 'Ada (hidup)', 'います　（いて）', 0, '2023-09-24 03:19:41', '2023-10-06 02:42:28'),
(1354, 59, 'Bangun tidur', 'おきます　（おきて）', 0, '2023-09-24 03:20:16', '2023-10-06 02:45:38'),
(1355, 59, 'Menyampaikan', 'つたえます　（つたて）', 0, '2023-09-24 03:20:47', '2023-10-06 02:55:27'),
(1356, 59, 'Menabung', 'ちょきんします （ちょきんして）', 0, '2023-09-24 03:21:38', '2023-10-06 02:48:09'),
(1357, 59, 'Belajar', 'べんきょうします　（べんきょうして）', 0, '2023-09-24 03:22:27', '2023-10-06 02:56:03'),
(1358, 59, 'Bersih-bersih', 'そうじします　（そうじして）', 0, '2023-09-24 03:23:19', '2023-10-06 02:45:58'),
(1359, 59, 'Memasak', 'りょうりします　（りょうりして）', 0, '2023-09-24 03:24:04', '2023-10-06 02:39:44'),
(1360, 59, 'Berlatih', 'れんしゅうします　（れんしゅして）', 0, '2023-09-24 03:24:37', '2023-10-06 02:51:17'),
(1361, 59, 'Mengkopi', 'コピーします　（こびして）', 0, '2023-09-24 03:25:55', '2023-10-06 02:47:03'),
(1362, 59, 'Membawa datang', 'もってきます　（もってきて）', 0, '2023-09-24 03:26:17', '2023-10-06 02:57:03'),
(1363, 59, 'Memesan (makanan, benda)', 'ちゅうもんします　（ちゅうもんして）', 0, '2023-09-24 03:27:05', '2023-10-06 02:42:04'),
(1364, 59, 'Memesan (tempat, hotel)', 'よやくします　（よやくして）', 0, '2023-09-24 03:27:33', '2023-10-06 02:40:13'),
(1365, 59, 'Menyiapkan', 'じゅんびします　（じゅんびして）', 0, '2023-09-24 03:28:08', '2023-10-06 02:47:43'),
(1366, 59, 'Lulus sekolah', 'そつぎょうします　（そつぎょうして）', 0, '2023-09-24 03:28:45', '2023-10-06 02:44:36'),
(1367, 59, 'Masuk sekolah (SD, SMP, SMA, Universitas)', 'にゅうがくします　（にゅうがくして）', 0, '2023-09-24 03:30:07', '2023-10-06 02:41:09'),
(1368, 59, 'Masuk kerja', 'じゅっきんします　（じゅっきんして）', 0, '2023-09-24 03:30:40', '2023-10-06 03:12:01'),
(1369, 59, 'Pindah rumah', 'ひっこしします　（ひっこしして）', 0, '2023-09-24 03:31:05', '2023-10-06 03:23:16'),
(1370, 59, 'Gagal', 'しっぱいします　（しっぱいして）', 0, '2023-09-24 03:31:41', '2023-10-06 02:57:17'),
(1371, 59, 'Melaporkan', 'ほうこくします　（ほうこくして）', 0, '2023-09-24 03:32:18', '2023-10-06 03:11:05'),
(1372, 59, 'Istirahat', 'きゅうけいします　（きゅうけいして）', 0, '2023-09-24 03:32:55', '2023-10-06 03:10:33'),
(1373, 59, 'Berbelanja', 'かいものします　（かいものして）', 0, '2023-09-24 03:33:45', '2023-10-06 02:54:51'),
(1374, 59, 'Berolahraga', 'うんどうします　（うんどうして）', 0, '2023-09-24 03:34:21', '2023-10-06 02:41:38'),
(1375, 59, 'Lembur', 'ぎんぎょうします　（ぎんぎょうして）', 0, '2023-09-24 03:34:59', '2023-10-06 02:56:45'),
(1376, 59, 'Datang', 'きます　（いて）', 0, '2023-09-24 03:35:40', '2023-10-06 03:23:39'),
(1377, 61, 'Membawa', 'もちます　（もって）', 0, '2023-10-02 22:40:52', '2023-10-06 02:38:15'),
(1378, 61, 'Pulang', 'かえります　（かえって）', 0, '2023-10-02 22:42:29', '2023-10-06 02:38:39'),
(1379, 61, 'Menyiapkan', 'じゅんびします　（じゅんびして）', 0, '2023-10-02 22:44:37', '2023-10-06 02:26:02'),
(1380, 61, 'Istirahat', 'きゅうけいします　（きゅうけいして）', 0, '2023-10-02 22:47:48', '2023-10-06 02:35:19'),
(1381, 61, 'Berbelanja', 'かいものします　（かいものして）', 0, '2023-10-02 22:48:57', '2023-10-06 02:37:34'),
(1382, 61, 'Pindah rumah', 'ひっこしします　（ひっこしして）', 0, '2023-10-02 22:49:35', '2023-10-06 02:31:48'),
(1383, 61, 'Lulus sekolah', 'そつぎょうします　（そつぎょうして）', 0, '2023-10-02 22:51:46', '2023-10-06 02:26:57'),
(1384, 61, 'Kembali', 'もどります　（もどって）', 0, '2023-10-02 22:53:27', '2023-10-06 02:31:27'),
(1385, 61, 'Membawa datang', 'もってきます　（もってきて）', 0, '2023-10-02 22:55:58', '2023-10-06 02:31:07'),
(1386, 61, 'Masuk kerja', 'じゅっきんします　（じゅっきんして）', 0, '2023-10-02 22:56:36', '2023-10-06 02:25:48'),
(1387, 61, 'Menyampaikan', 'つたえます　（つたて）', 0, '2023-10-02 23:01:16', '2023-10-06 02:34:02'),
(1388, 61, 'Bersih-bersih', 'そうじします　（そうじして）', 0, '2023-10-02 23:02:15', '2023-10-06 02:33:32'),
(1389, 61, 'Turun (kendaraan)', 'おります　（おて）', 0, '2023-10-02 23:03:07', '2023-10-06 02:34:30'),
(1390, 61, 'Bekerja', 'はたらきます　（はたらきって）', 0, '2023-10-02 23:04:20', '2023-10-06 02:32:05'),
(1391, 61, 'Ada (hidup)', 'います　（いて）', 0, '2023-10-02 23:05:09', '2023-10-06 02:33:44'),
(1392, 61, 'Menabung', 'ちょきんします （ちょきんして）', 0, '2023-10-02 23:09:28', '2023-10-06 02:38:01'),
(1393, 61, 'Membawa pergi', 'もっていきます　（もっていて）', 0, '2023-10-02 23:10:35', '2023-10-06 02:34:20'),
(1394, 61, 'Memilih', 'えらびます　（えらんで）', 0, '2023-10-02 23:11:47', '2023-10-06 02:37:18'),
(1395, 62, 'Saya', '私', 0, '2023-10-13 13:26:19', '2023-10-17 00:26:43'),
(1396, 62, 'Bahasa Jepang', '日本語', 0, '2023-10-13 13:26:42', '2023-10-17 00:32:15'),
(1397, 62, 'Sedikit', '少し', 0, '2023-10-13 13:27:17', '2023-10-17 00:25:32'),
(1398, 62, 'Buku', '本', 0, '2023-10-13 13:27:52', '2023-10-17 00:25:56'),
(1399, 62, 'Membaca', '読みます', 0, '2023-10-13 13:31:13', '2023-10-17 00:28:38'),
(1400, 62, 'Film', '映画', 0, '2023-10-13 13:34:06', '2023-10-17 00:26:30'),
(1401, 62, 'Melihat/menonton', '見ます', 0, '2023-10-13 13:35:56', '2023-10-17 00:26:08'),
(1402, 62, 'Pegawai perusahaan', '会社員', 0, '2023-10-13 13:37:45', '2023-10-17 00:31:19'),
(1403, 62, 'Mengirim', '送ります', 0, '2023-10-13 13:41:09', '2023-10-17 00:24:59'),
(1404, 62, 'Datang', '来ます', 0, '2023-10-13 13:45:35', '2023-10-17 00:25:17'),
(1405, 62, 'Keluarga', '家族', 0, '2023-10-13 13:46:26', '2023-10-17 00:24:04'),
(1407, 62, 'Kantin', '食堂', 0, '2023-10-13 13:54:51', '2023-10-17 00:23:32'),
(1408, 62, 'Hari ini', '今日', 0, '2023-10-13 14:00:58', '2023-10-17 00:25:43'),
(1409, 62, 'Dengan cepat', '早く', 0, '2023-10-13 14:01:47', '2023-10-17 00:23:05'),
(1410, 63, 'Saya', '私　（わたし）', 0, '2023-10-18 03:47:02', '2023-10-18 23:22:10'),
(1411, 63, 'Murid', '学生　（がくせい）', 0, '2023-10-18 03:48:11', '2023-10-18 23:20:15'),
(1412, 63, 'Pegawai perusahaan', '会社員　（かいしゃいん）', 0, '2023-10-18 03:50:22', '2023-10-18 23:16:13'),
(1413, 63, 'Pegawai bank', '銀行員　（ぎんこういん）', 0, '2023-10-18 03:52:02', '2023-10-18 23:17:58'),
(1414, 63, 'Ｄokter', '医者　（いしゃ）', 0, '2023-10-18 03:53:49', '2023-10-18 23:21:10'),
(1415, 63, 'Orang/beliau', '方　（かた）', 0, '2023-10-18 03:55:45', '2023-10-18 23:22:21'),
(1416, 63, 'Universitas', '大学　（だいがく）', 0, '2023-10-18 03:57:09', '2023-10-18 23:18:56'),
(1417, 63, 'Guru', '先生　（せんせい）', 0, '2023-10-18 03:57:38', '2023-10-18 23:19:28'),
(1418, 63, 'Apa?', '何　（なに）', 0, '2023-10-18 03:59:53', '2023-10-18 23:21:28'),
(1419, 63, 'Umur', '歳　（さい）', 0, '2023-10-18 04:01:15', '2023-10-18 23:19:52'),
(1420, 63, 'Salam kenal', '初めまして　（はじめまして）', 0, '2023-10-18 04:03:34', '2023-10-18 23:22:00'),
(1421, 63, 'Telah datang', '来ました　（きました）', 0, '2023-10-18 04:05:00', '2023-10-18 23:18:41'),
(1422, 63, 'Orang/manusia', '人　（ひと）', 0, '2023-10-18 04:07:22', '2023-10-18 23:18:27'),
(1423, 63, 'Gunung', '山　（やま）', 0, '2023-10-18 04:09:54', '2023-10-18 23:20:30'),
(1424, 63, 'Sawah', '田　（た）', 0, '2023-10-18 04:10:26', '2023-10-18 23:20:23'),
(1425, 63, 'Permisi', '失礼ですか　（しつれいですか）', 0, '2023-10-18 04:14:01', '2023-10-18 23:17:11'),
(1426, 63, 'Nama', '名前　（なまえ）', 0, '2023-10-18 04:14:27', '2023-10-18 23:19:14'),
(1427, 63, 'Tolong', 'お願いします　（おねがいします）', 0, '2023-10-18 04:15:30', '2023-10-18 23:18:20'),
(1428, 64, 'Kamus', '辞書　（じしょ）', 0, '2023-10-18 04:22:03', '2023-10-18 04:22:03'),
(1430, 64, 'Payung', '傘　（かさ）', 0, '2023-10-18 04:25:08', '2023-10-18 04:25:08'),
(1431, 64, 'Buku', '本　（ほん）', 0, '2023-10-18 04:25:28', '2023-10-18 04:25:28'),
(1432, 64, 'Buku agenda', '手帳　（てちょう）', 0, '2023-10-18 04:27:01', '2023-10-18 04:27:01'),
(1434, 64, 'Apa', '何　（なに）', 0, '2023-10-18 04:28:30', '2023-10-18 04:28:30'),
(1435, 64, 'Kartu nama', '名刺　（めいし）', 0, '2023-10-18 04:29:28', '2023-10-18 04:29:28'),
(1436, 64, 'Majalah', '雑誌　（ざっし）', 0, '2023-10-18 04:31:20', '2023-10-18 04:31:20'),
(1437, 64, 'Mulai sekarang, saya akan meminta bantuannya.', 'これから、 お世話に なります　（これから、おせわに　なります）', 0, '2023-10-18 05:09:26', '2023-10-18 05:09:26'),
(1438, 64, 'Tolong', 'お願いします', 0, '2023-10-18 05:11:59', '2023-10-18 05:11:59'),
(1439, 64, 'Mobil', '車　（くるま）', 0, '2023-10-18 05:16:01', '2023-10-18 05:16:01'),
(1440, 64, 'Oleh-oleh', 'お土産　（おみやげ）', 0, '2023-10-18 05:16:41', '2023-10-18 05:16:41'),
(1441, 64, 'Payung', '傘　（かさ）', 0, '2023-10-18 05:18:59', '2023-10-18 05:18:59'),
(1442, 64, 'Salah', '違います　（ちがいます）', 0, '2023-10-18 05:21:14', '2023-10-18 05:21:14'),
(1443, 64, 'Bahasa Inggris', '英語　（えいご）', 0, '2023-10-18 05:22:31', '2023-10-18 05:22:31'),
(1444, 64, 'Pensil', '鉛筆　（えんぴつ）', 0, '2023-10-18 05:28:45', '2023-10-18 05:28:45'),
(1445, 65, 'Kantin', '食堂　（しょくど）', 0, '2023-10-18 05:31:00', '2023-10-18 05:31:00'),
(1446, 65, 'Ruang rapat', '会議室　（かいぎしつ）', 0, '2023-10-18 05:35:32', '2023-10-18 05:35:32'),
(1447, 65, 'Kantor', '事務所　（じむしょ）', 0, '2023-10-18 05:37:41', '2023-10-18 05:37:41'),
(1448, 65, 'Negara', 'お国　（おくに）', 0, '2023-10-18 05:38:33', '2023-10-18 05:38:33'),
(1449, 65, 'Sepatu', '靴　（くつ）', 0, '2023-10-18 05:39:18', '2023-10-18 05:39:18'),
(1450, 65, 'Jam tangan', '時計　（とけい）', 0, '2023-10-18 05:40:03', '2023-10-18 05:40:03'),
(1451, 65, 'Yen', '円　（えん）', 0, '2023-10-18 05:41:59', '2023-10-18 05:41:59'),
(1452, 65, 'Lantai penjualan', '売り場　（うりば）', 0, '2023-10-18 05:43:59', '2023-10-18 05:43:59'),
(1453, 65, 'Lihat', '見　（み）', 0, '2023-10-18 05:44:43', '2023-10-18 05:44:43'),
(1454, 65, 'Bawah tanah/basement', '地下 (ちか）', 0, '2023-10-18 05:45:54', '2023-10-18 05:45:54'),
(1455, 65, 'Lantai/tingkat', '階　（かい）', 0, '2023-10-18 05:58:25', '2023-10-18 05:58:25'),
(1456, 65, 'Jepang', '日本　（にほん）', 0, '2023-10-18 05:59:17', '2023-10-18 05:59:17'),
(1457, 65, 'Meja Informasi', '受付　（うけつけ）', 0, '2023-10-18 06:01:26', '2023-10-18 06:01:26'),
(1468, 65, 'Mobil', '車　（くるま）', 0, '2023-10-18 09:48:13', '2023-10-18 09:48:13'),
(1469, 65, 'Ｐerusahaan', '会社　（かいしゃ）', 0, '2023-10-18 09:49:05', '2023-10-18 09:49:05'),
(1470, 65, 'Mesin Jual Otomatis', '自動販売機 (じどうはんばいき)', 0, '2023-10-18 09:49:48', '2023-10-18 09:49:48'),
(1471, 65, 'Kamar', '部屋（へや）', 0, '2023-10-18 09:50:40', '2023-10-18 09:50:40'),
(1472, 65, 'Tangga', '階段　（かいだん）', 0, '2023-10-18 09:51:28', '2023-10-18 09:51:28'),
(1473, 65, 'Telepon', '電話　(でんわ）', 0, '2023-10-18 09:51:56', '2023-10-18 09:51:56'),
(1474, 65, 'Shin-Osaka', '新大阪　（しんおおさか）', 0, '2023-10-18 09:52:46', '2023-10-18 09:52:46'),
(1475, 65, 'Universitas', '大学 (だいがく）', 0, '2023-10-18 09:55:19', '2023-10-18 09:55:19'),
(1476, 65, 'Korea', '韓国　（かんこく）', 0, '2023-10-18 09:56:20', '2023-10-18 09:56:20'),
(1477, 65, 'Listrik', '電気　（でんき）', 0, '2023-10-18 09:59:47', '2023-10-18 09:59:47'),
(1478, 65, 'Orang/beliau', '方　（かた）', 0, '2023-10-18 10:00:27', '2023-10-18 10:00:27'),
(1479, 65, 'Ｋaryawan', '社員　（しゃいん）', 0, '2023-10-18 10:01:44', '2023-10-18 10:01:44'),
(1480, 65, 'Orang/manusia', '人　（ひと）', 0, '2023-10-18 10:02:29', '2023-10-18 10:02:29'),
(1481, 65, 'Salah', '違います　（ちがいます）', 0, '2023-10-18 10:03:35', '2023-10-18 10:03:35'),
(1482, 65, 'Ｋelas', '教室', 0, '2023-10-18 10:06:31', '2023-10-18 10:06:31'),
(1483, 65, 'Fuji', '富士', 0, '2023-10-18 10:07:03', '2023-10-18 10:07:03'),
(1484, 65, 'Tanaka', '田中', 0, '2023-10-18 10:07:38', '2023-10-18 10:07:38'),
(1485, 65, 'Guru', '先生　（せんせい）', 0, '2023-10-18 10:09:17', '2023-10-18 10:09:17'),
(1486, 66, 'Sekarang', '今　（いま）', 0, '2023-10-18 10:10:30', '2023-10-18 10:10:30');

-- --------------------------------------------------------

--
-- Table structure for table `categories`
--

CREATE TABLE `categories` (
  `categories_id` int(10) UNSIGNED NOT NULL,
  `categories_languages_id` bigint(20) UNSIGNED NOT NULL,
  `categories_name` varchar(50) NOT NULL,
  `created_at` timestamp NULL DEFAULT NULL,
  `updated_at` timestamp NULL DEFAULT NULL
) ENGINE=InnoDB DEFAULT CHARSET=utf8mb4 COLLATE=utf8mb4_unicode_ci;

--
-- Dumping data for table `categories`
--

INSERT INTO `categories` (`categories_id`, `categories_languages_id`, `categories_name`, `created_at`, `updated_at`) VALUES
(4, 1, 'Pelajaran 01', '2023-05-18 01:54:02', '2023-05-18 01:54:02'),
(5, 1, 'Pelajaran 02', '2023-05-18 01:54:38', '2023-05-18 01:54:38'),
(6, 1, 'Pelajaran 03', '2023-05-18 01:54:48', '2023-05-18 01:54:48'),
(7, 1, 'Pelajaran 04', '2023-05-18 07:42:59', '2023-05-18 07:42:59'),
(8, 1, 'Pelajaran 05', '2023-05-18 08:37:12', '2023-05-18 08:37:12'),
(9, 1, 'Pelajaran 06', '2023-05-18 15:55:09', '2023-05-18 15:55:09'),
(10, 1, 'Pelajaran 07', '2023-05-18 19:28:43', '2023-05-18 19:28:43'),
(11, 1, 'Pelajaran 08', '2023-05-18 21:22:53', '2023-05-18 21:22:53'),
(12, 1, 'Pelajaran 09', '2023-05-19 15:30:43', '2023-05-19 15:30:43'),
(13, 6, 'Pelajaran 01', '2023-05-21 05:32:07', '2023-05-21 05:32:07'),
(14, 6, 'Pelajaran 02', '2023-05-21 05:32:13', '2023-05-21 05:32:13'),
(15, 6, 'Pelajaran 03', '2023-05-21 05:32:28', '2023-05-21 05:32:28'),
(16, 6, 'Pelajaran 04', '2023-05-21 05:32:43', '2023-05-21 05:32:43'),
(17, 6, 'Pelajaran 05', '2023-05-21 05:32:51', '2023-05-21 05:32:51'),
(18, 6, 'Pelajaran 06', '2023-05-21 05:38:31', '2023-05-21 05:38:31'),
(19, 1, 'Pelajaran 10', '2023-06-05 13:00:06', '2023-06-05 13:00:06'),
(20, 1, 'Pelajaran 11', '2023-06-06 03:46:51', '2023-06-06 03:46:51'),
(21, 1, 'Pelajaran 12', '2023-06-06 07:49:53', '2023-06-06 07:49:53'),
(22, 1, 'Pelajaran 13', '2023-06-07 06:51:05', '2023-06-07 06:51:05'),
(23, 1, 'Pelajaran 14', '2023-06-07 07:26:57', '2023-06-07 07:26:57'),
(24, 1, 'Pelajaran 15', '2023-06-07 15:01:04', '2023-06-07 15:01:04'),
(25, 1, 'Pelajaran 16', '2023-06-07 15:22:35', '2023-06-07 15:22:35'),
(26, 1, 'Pelajaran 17', '2023-06-07 23:29:25', '2023-06-07 23:29:25'),
(27, 1, 'Pelajaran 18', '2023-06-08 00:08:03', '2023-06-08 00:08:03'),
(28, 1, 'Pelajaran 19', '2023-06-08 03:42:59', '2023-06-08 03:42:59'),
(29, 1, 'Pelajaran 20', '2023-06-08 04:15:14', '2023-06-08 04:15:14'),
(30, 1, 'Pelajaran 21', '2023-06-08 08:53:20', '2023-06-08 08:53:20'),
(31, 1, 'Pelajaran 22', '2023-06-08 10:30:02', '2023-06-08 10:30:02'),
(32, 1, 'Pelajaran 23', '2023-06-08 11:45:01', '2023-06-08 11:45:01'),
(33, 1, 'Pelajaran 24', '2023-06-08 23:46:56', '2023-06-08 23:46:56'),
(34, 1, 'Pelajaran 25', '2023-06-09 00:02:37', '2023-06-09 00:02:37'),
(35, 6, 'Pelajaran', '2023-06-10 01:04:06', '2023-06-10 01:04:06'),
(38, 9, 'Matahari', '2023-09-03 15:08:27', '2023-09-03 15:08:27'),
(39, 9, 'Bulan', '2023-09-03 15:51:03', '2023-09-03 15:51:03'),
(40, 9, 'Pohon', '2023-09-06 13:44:39', '2023-09-06 13:44:39'),
(41, 9, 'Gunung', '2023-09-06 14:02:48', '2023-09-06 14:02:48'),
(42, 9, 'Sungai', '2023-09-06 22:32:10', '2023-09-06 22:32:10'),
(43, 9, 'Sawah', '2023-09-07 22:45:19', '2023-09-07 22:45:19'),
(44, 9, 'Manusia', '2023-09-08 22:31:59', '2023-09-08 22:31:59'),
(45, 9, 'Mulut', '2023-09-10 00:02:26', '2023-09-10 00:02:26'),
(46, 9, 'Kendaraan', '2023-09-10 22:32:21', '2023-09-10 22:32:21'),
(47, 9, 'Gerbang', '2023-09-12 22:43:55', '2023-09-12 22:43:55'),
(48, 9, 'Api', '2023-09-12 22:54:09', '2023-09-12 22:54:09'),
(49, 9, 'Air', '2023-09-15 12:17:43', '2023-09-15 12:17:43'),
(50, 9, 'Kamar', '2023-09-15 13:19:25', '2023-09-15 13:19:25'),
(51, 9, 'Rumah', '2023-09-15 23:00:13', '2023-09-15 23:00:13'),
(52, 9, 'Derajat', '2023-09-16 13:41:34', '2023-09-16 13:41:34'),
(53, 10, 'Emas', '2023-09-17 21:58:03', '2023-09-17 21:58:03'),
(54, 10, 'Tanah', '2023-09-18 22:12:05', '2023-09-18 22:12:05'),
(55, 10, 'Anak', '2023-09-19 13:30:24', '2023-09-19 13:30:24'),
(56, 10, 'Wanita', '2023-09-19 22:07:32', '2023-09-19 22:07:32'),
(57, 10, 'Belajar', '2023-09-21 22:19:30', '2023-09-21 22:19:30'),
(58, 10, 'Hidup', '2023-09-22 13:29:29', '2023-09-22 13:29:29'),
(59, 11, 'Kata Kerja', '2023-09-24 02:44:34', '2023-09-24 02:44:34'),
(60, 12, 'Kata kerja', '2023-09-25 22:52:14', '2023-09-25 22:52:14'),
(61, 11, '0', '2023-10-02 22:40:11', '2023-10-02 22:40:11'),
(62, 13, 'All', '2023-10-13 13:25:51', '2023-10-13 13:25:51'),
(63, 13, 'Bab 1', '2023-10-18 03:34:57', '2023-10-18 03:34:57'),
(64, 13, 'Bab 2', '2023-10-18 04:21:19', '2023-10-18 04:21:19'),
(65, 13, 'Bab 3', '2023-10-18 05:29:58', '2023-10-18 05:29:58'),
(66, 13, 'Bab 4', '2023-10-18 10:09:50', '2023-10-18 10:09:50');

-- --------------------------------------------------------

--
-- Table structure for table `failed_jobs`
--

CREATE TABLE `failed_jobs` (
  `id` bigint(20) UNSIGNED NOT NULL,
  `uuid` varchar(255) NOT NULL,
  `connection` text NOT NULL,
  `queue` text NOT NULL,
  `payload` longtext NOT NULL,
  `exception` longtext NOT NULL,
  `failed_at` timestamp NOT NULL DEFAULT current_timestamp()
) ENGINE=InnoDB DEFAULT CHARSET=utf8mb4 COLLATE=utf8mb4_unicode_ci;

-- --------------------------------------------------------

--
-- Table structure for table `languages`
--

CREATE TABLE `languages` (
  `languages_id` bigint(20) UNSIGNED NOT NULL,
  `languages_name` varchar(50) NOT NULL,
  `created_at` timestamp NULL DEFAULT NULL,
  `updated_at` timestamp NULL DEFAULT NULL
) ENGINE=InnoDB DEFAULT CHARSET=utf8mb4 COLLATE=utf8mb4_unicode_ci;

--
-- Dumping data for table `languages`
--

INSERT INTO `languages` (`languages_id`, `languages_name`, `created_at`, `updated_at`) VALUES
(1, 'Jepang (kosa kata)', '2023-05-16 18:41:18', '2023-05-16 18:41:18'),
(6, 'Jepang (Pola kalimat)', '2023-05-21 05:31:46', '2023-05-21 05:31:46'),
(9, 'Jepang (N5 Kanji dasar 1)', '2023-09-03 15:08:07', '2023-09-03 15:08:07'),
(10, 'Jepang (N5 Kanji dasar 2)', '2023-09-17 21:56:08', '2023-09-17 21:56:08'),
(11, 'Jepang (Kata Kerja)', '2023-09-24 02:43:19', '2023-09-24 02:43:19'),
(12, 'Jepang (latihan ulang)', '2023-09-25 22:51:58', '2023-09-25 22:51:58'),
(13, 'My own kanji', '2023-10-13 13:25:37', '2023-10-13 13:25:37');

-- --------------------------------------------------------

--
-- Table structure for table `migrations`
--

CREATE TABLE `migrations` (
  `id` int(10) UNSIGNED NOT NULL,
  `migration` varchar(255) NOT NULL,
  `batch` int(11) NOT NULL
) ENGINE=InnoDB DEFAULT CHARSET=utf8mb4 COLLATE=utf8mb4_unicode_ci;

--
-- Dumping data for table `migrations`
--

INSERT INTO `migrations` (`id`, `migration`, `batch`) VALUES
(1, '2014_10_12_000000_create_users_table', 1),
(2, '2014_10_12_100000_create_password_resets_table', 1),
(3, '2019_08_19_000000_create_failed_jobs_table', 1),
(4, '2019_12_14_000001_create_personal_access_tokens_table', 1),
(5, '2023_02_17_141519_create_languages_table', 1),
(6, '2023_02_17_141758_create_cards_group_table', 1),
(7, '2023_02_17_143204_create_cards_name_table', 1),
(8, '2023_02_17_141758_create_categories_table', 2),
(9, '2023_02_17_141759_create_categories_table', 3),
(10, '2023_02_17_141760_create_categories_table', 4);

-- --------------------------------------------------------

--
-- Table structure for table `password_resets`
--

CREATE TABLE `password_resets` (
  `email` varchar(255) NOT NULL,
  `token` varchar(255) NOT NULL,
  `created_at` timestamp NULL DEFAULT NULL
) ENGINE=InnoDB DEFAULT CHARSET=utf8mb4 COLLATE=utf8mb4_unicode_ci;

-- --------------------------------------------------------

--
-- Table structure for table `personal_access_tokens`
--

CREATE TABLE `personal_access_tokens` (
  `id` bigint(20) UNSIGNED NOT NULL,
  `tokenable_type` varchar(255) NOT NULL,
  `tokenable_id` bigint(20) UNSIGNED NOT NULL,
  `name` varchar(255) NOT NULL,
  `token` varchar(64) NOT NULL,
  `abilities` text DEFAULT NULL,
  `last_used_at` timestamp NULL DEFAULT NULL,
  `created_at` timestamp NULL DEFAULT NULL,
  `updated_at` timestamp NULL DEFAULT NULL
) ENGINE=InnoDB DEFAULT CHARSET=utf8mb4 COLLATE=utf8mb4_unicode_ci;

-- --------------------------------------------------------

--
-- Table structure for table `users`
--

CREATE TABLE `users` (
  `id` bigint(20) UNSIGNED NOT NULL,
  `name` varchar(255) NOT NULL,
  `email` varchar(255) NOT NULL,
  `email_verified_at` timestamp NULL DEFAULT NULL,
  `password` varchar(255) NOT NULL,
  `remember_token` varchar(100) DEFAULT NULL,
  `created_at` timestamp NULL DEFAULT NULL,
  `updated_at` timestamp NULL DEFAULT NULL
) ENGINE=InnoDB DEFAULT CHARSET=utf8mb4 COLLATE=utf8mb4_unicode_ci;

--
-- Indexes for dumped tables
--

--
-- Indexes for table `cards`
--
ALTER TABLE `cards`
  ADD PRIMARY KEY (`cards_id`);

--
-- Indexes for table `categories`
--
ALTER TABLE `categories`
  ADD PRIMARY KEY (`categories_id`),
  ADD KEY `categories_categories_languages_id_foreign` (`categories_languages_id`);

--
-- Indexes for table `failed_jobs`
--
ALTER TABLE `failed_jobs`
  ADD PRIMARY KEY (`id`),
  ADD UNIQUE KEY `failed_jobs_uuid_unique` (`uuid`);

--
-- Indexes for table `languages`
--
ALTER TABLE `languages`
  ADD PRIMARY KEY (`languages_id`);

--
-- Indexes for table `migrations`
--
ALTER TABLE `migrations`
  ADD PRIMARY KEY (`id`);

--
-- Indexes for table `password_resets`
--
ALTER TABLE `password_resets`
  ADD KEY `password_resets_email_index` (`email`);

--
-- Indexes for table `personal_access_tokens`
--
ALTER TABLE `personal_access_tokens`
  ADD PRIMARY KEY (`id`),
  ADD UNIQUE KEY `personal_access_tokens_token_unique` (`token`),
  ADD KEY `personal_access_tokens_tokenable_type_tokenable_id_index` (`tokenable_type`,`tokenable_id`);

--
-- Indexes for table `users`
--
ALTER TABLE `users`
  ADD PRIMARY KEY (`id`),
  ADD UNIQUE KEY `users_email_unique` (`email`);

--
-- AUTO_INCREMENT for dumped tables
--

--
-- AUTO_INCREMENT for table `cards`
--
ALTER TABLE `cards`
  MODIFY `cards_id` int(10) UNSIGNED NOT NULL AUTO_INCREMENT, AUTO_INCREMENT=1487;

--
-- AUTO_INCREMENT for table `categories`
--
ALTER TABLE `categories`
  MODIFY `categories_id` int(10) UNSIGNED NOT NULL AUTO_INCREMENT, AUTO_INCREMENT=67;

--
-- AUTO_INCREMENT for table `failed_jobs`
--
ALTER TABLE `failed_jobs`
  MODIFY `id` bigint(20) UNSIGNED NOT NULL AUTO_INCREMENT;

--
-- AUTO_INCREMENT for table `languages`
--
ALTER TABLE `languages`
  MODIFY `languages_id` bigint(20) UNSIGNED NOT NULL AUTO_INCREMENT, AUTO_INCREMENT=14;

--
-- AUTO_INCREMENT for table `migrations`
--
ALTER TABLE `migrations`
  MODIFY `id` int(10) UNSIGNED NOT NULL AUTO_INCREMENT, AUTO_INCREMENT=11;

--
-- AUTO_INCREMENT for table `personal_access_tokens`
--
ALTER TABLE `personal_access_tokens`
  MODIFY `id` bigint(20) UNSIGNED NOT NULL AUTO_INCREMENT;

--
-- AUTO_INCREMENT for table `users`
--
ALTER TABLE `users`
  MODIFY `id` bigint(20) UNSIGNED NOT NULL AUTO_INCREMENT;

--
-- Constraints for dumped tables
--

--
-- Constraints for table `categories`
--
ALTER TABLE `categories`
  ADD CONSTRAINT `categories_categories_languages_id_foreign` FOREIGN KEY (`categories_languages_id`) REFERENCES `languages` (`languages_id`);
COMMIT;

/*!40101 SET CHARACTER_SET_CLIENT=@OLD_CHARACTER_SET_CLIENT */;
/*!40101 SET CHARACTER_SET_RESULTS=@OLD_CHARACTER_SET_RESULTS */;
/*!40101 SET COLLATION_CONNECTION=@OLD_COLLATION_CONNECTION */;
