-- phpMyAdmin SQL Dump
-- version 5.2.0
-- https://www.phpmyadmin.net/
--
-- Host: 127.0.0.1
-- Generation Time: May 23, 2023 at 12:29 PM
-- Server version: 10.4.27-MariaDB
-- PHP Version: 8.1.12

SET SQL_MODE = "NO_AUTO_VALUE_ON_ZERO";
START TRANSACTION;
SET time_zone = "+00:00";


/*!40101 SET @OLD_CHARACTER_SET_CLIENT=@@CHARACTER_SET_CLIENT */;
/*!40101 SET @OLD_CHARACTER_SET_RESULTS=@@CHARACTER_SET_RESULTS */;
/*!40101 SET @OLD_COLLATION_CONNECTION=@@COLLATION_CONNECTION */;
/*!40101 SET NAMES utf8mb4 */;

--
-- Database: `kanji`
--

-- --------------------------------------------------------

--
-- Table structure for table `cards`
--

CREATE TABLE `cards` (
  `cards_id` int(10) UNSIGNED NOT NULL,
  `cards_categories_id` bigint(20) UNSIGNED NOT NULL,
  `cards_question` varchar(255) NOT NULL,
  `cards_answer` varchar(255) NOT NULL,
  `card_status` int(11) NOT NULL DEFAULT 0,
  `created_at` timestamp NULL DEFAULT NULL,
  `updated_at` timestamp NULL DEFAULT NULL
) ENGINE=InnoDB DEFAULT CHARSET=utf8mb4 COLLATE=utf8mb4_unicode_ci;

--
-- Dumping data for table `cards`
--

INSERT INTO `cards` (`cards_id`, `cards_categories_id`, `cards_question`, `cards_answer`, `card_status`, `created_at`, `updated_at`) VALUES
(3, 3, 'I', 'Saya', 1, '2023-05-17 23:01:43', '2023-05-18 02:58:18'),
(4, 3, 'You', 'Dia', 1, '2023-05-17 23:02:14', '2023-05-18 02:59:21'),
(5, 4, 'Saya', 'わたし（私）', 0, '2023-05-18 01:55:54', '2023-05-19 20:07:30'),
(6, 4, 'Anda', 'あなた', 0, '2023-05-18 01:56:44', '2023-05-19 19:59:05'),
(7, 4, 'Orang itu, beliau', 'あのひと、あのかた', 0, '2023-05-18 01:57:47', '2023-05-19 20:03:55'),
(8, 4, 'Sdr. ~, Bapak ~, Ibu ~', 'さん', 1, '2023-05-18 01:58:59', '2023-05-21 05:16:32'),
(9, 4, 'Akhiran yang dipakai untuk anak laki-laki dan anak perempuan sebagai pengganti ~さん)', 'ちゃん', 0, '2023-05-18 02:01:31', '2023-05-19 20:01:42'),
(10, 4, 'Orang (akhiran yang menyatakan warga negara)', 'じん（人）', 1, '2023-05-18 02:04:11', '2023-05-21 05:20:08'),
(11, 4, 'Guru, dosen (tidak dipakai untuk menyebutkan pekerjaan sendiri)', 'きょし', 1, '2023-05-18 02:05:58', '2023-05-21 05:17:11'),
(12, 4, 'Guru, dosen', 'せんせい', 0, '2023-05-18 02:06:51', '2023-05-19 19:59:34'),
(13, 4, 'Mahasiswa', 'だいがくせい', 0, '2023-05-18 02:08:22', '2023-05-19 20:04:29'),
(14, 4, 'Karyawan perusahaan', 'かいしゃいん', 1, '2023-05-18 02:09:24', '2023-05-21 05:20:23'),
(15, 4, 'Karyawan perusahaan (dipakai bersama dengan nama perusahaan)', 'しゃいん', 0, '2023-05-18 02:10:29', '2023-05-19 20:03:16'),
(16, 4, 'Karyawan bank', 'ぎんこういん', 0, '2023-05-18 02:11:20', '2023-05-19 20:00:35'),
(17, 4, 'Dokter', 'いしゃ', 0, '2023-05-18 02:11:54', '2023-05-19 20:02:53'),
(18, 4, 'Peneliti', 'けんきゅしゃ', 0, '2023-05-18 02:12:46', '2023-05-19 20:08:57'),
(19, 4, 'Universitas', 'だいがく', 0, '2023-05-18 02:13:33', '2023-05-19 19:59:49'),
(20, 4, 'Rumah sakit', 'びよういん', 0, '2023-05-18 02:14:17', '2023-05-19 20:03:05'),
(21, 4, 'Siapa', 'だれ（どなた）', 0, '2023-05-18 02:20:04', '2023-05-19 20:00:02'),
(22, 4, '~ tahun', '~ さい', 1, '2023-05-18 02:21:24', '2023-05-21 05:16:41'),
(23, 4, 'umur berapa?', 'なんさい（おいくつ）', 1, '2023-05-18 02:22:05', '2023-05-21 05:17:57'),
(24, 4, 'Ya', 'はい', 0, '2023-05-18 02:22:25', '2023-05-19 20:02:42'),
(25, 4, 'Tidak, bukan', 'いいえ', 0, '2023-05-18 02:22:39', '2023-05-19 20:02:21'),
(26, 4, 'Perkenalkan (ucapan salam pada waktu pertama kali berkenalan)', '初めまして', 0, '2023-05-18 02:23:40', '2023-05-19 20:04:16'),
(27, 4, 'datang dari ~, berasal dari ~', '~ から来ました', 0, '2023-05-18 02:25:08', '2023-05-19 20:10:12'),
(28, 4, 'Salam kenal (ucapan terakhir untuk perkenalan diri)', '[どうぞ」よろしくお願いします', 1, '2023-05-18 02:26:18', '2023-05-21 05:19:52'),
(29, 4, 'Permisi, maaf (digunakan ketika bertanya temtamg hal pribadi seperti nama, alamat, dan sebagainya)', '失礼ですか', 0, '2023-05-18 02:28:07', '2023-05-19 20:07:15'),
(30, 4, 'Siapa namanya?', 'お名前は', 1, '2023-05-18 02:28:54', '2023-05-21 05:18:51'),
(31, 4, 'Amerika Serikat', 'アメリカ', 1, '2023-05-18 02:29:27', '2023-05-21 05:16:24'),
(32, 4, 'Inggris', 'イギリス', 0, '2023-05-18 02:29:59', '2023-05-19 20:10:51'),
(33, 4, 'India', 'インド', 0, '2023-05-18 02:30:16', '2023-05-19 20:00:11'),
(34, 4, 'Indonesia', 'インドネシア', 0, '2023-05-18 02:30:31', '2023-05-19 19:59:24'),
(35, 4, 'Korea', 'かんこく（韓国）', 0, '2023-05-18 02:31:30', '2023-05-19 20:01:31'),
(36, 4, 'Thailand', 'タイ', 0, '2023-05-18 02:31:47', '2023-05-19 20:01:58'),
(37, 4, 'China', 'ぎんこく（銀国）', 0, '2023-05-18 02:32:50', '2023-05-19 20:09:42'),
(38, 4, 'Jerman', 'ドイツ', 1, '2023-05-18 02:33:33', '2023-05-21 05:20:47'),
(39, 4, 'Jepang', '日本', 0, '2023-05-18 02:34:02', '2023-05-19 20:02:36'),
(40, 4, 'Brazil', 'ブラジル', 1, '2023-05-18 02:34:33', '2023-05-21 05:18:18'),
(41, 5, 'Ini (benda yang ada di dekat si pembicara)', 'これ', 0, '2023-05-18 04:31:37', '2023-05-19 22:50:02'),
(42, 5, 'Itu (benda yang ada di dekat lawan bicara)', 'それ', 0, '2023-05-18 04:32:13', '2023-05-19 22:51:05'),
(43, 5, 'Itu (benda yang ada jauh dari si pembicara dan lawan bicara)', 'あれ', 0, '2023-05-18 04:33:40', '2023-05-19 22:49:01'),
(44, 5, '~ ini (menerangkan benda atau orang yang ada di dekat si pembicara)', 'この', 0, '2023-05-18 04:34:31', '2023-05-19 22:49:41'),
(45, 5, '~ itu (menerangkan benda atau orang yang ada di dekat lawan bicara)', 'その', 0, '2023-05-18 04:35:13', '2023-05-19 22:56:14'),
(46, 5, '~ itu (menerangkan benda atau orang yang ada di jauh dari si pembicara dan lawan bicara)', 'あの～', 0, '2023-05-18 04:36:01', '2023-05-19 23:00:46'),
(47, 5, 'Buku', 'ほん', 0, '2023-05-18 04:36:33', '2023-05-19 22:58:27'),
(48, 5, 'Kamus', 'じしょ', 0, '2023-05-18 04:36:57', '2023-05-19 23:02:25'),
(49, 5, 'Majalah', 'さっし', 0, '2023-05-18 04:37:23', '2023-05-19 22:51:48'),
(50, 5, 'Koran', 'しんぶん', 0, '2023-05-18 04:38:44', '2023-05-19 22:53:02'),
(51, 5, 'Buku tulis / Buku catatan', 'ノート', 0, '2023-05-18 04:39:20', '2023-05-19 22:53:36'),
(52, 5, 'Buku agenda/Buku saku', 'てちょう', 0, '2023-05-18 04:40:02', '2023-05-19 22:54:37'),
(53, 5, 'Kartu nama', 'めいし', 0, '2023-05-18 04:40:27', '2023-05-19 22:52:06'),
(54, 5, 'Kartu', 'カード', 0, '2023-05-18 04:40:49', '2023-05-19 22:58:46'),
(55, 5, 'Pensil', 'えんぴつ', 0, '2023-05-18 04:41:18', '2023-05-19 22:49:22'),
(56, 5, 'Bolpoin', 'ボルペン', 0, '2023-05-18 04:41:51', '2023-05-19 22:52:45'),
(57, 5, 'Pensil mekanik', 'シャープペンシル', 0, '2023-05-18 05:14:24', '2023-05-19 22:57:17'),
(58, 5, 'Kunci', 'かぎ', 0, '2023-05-18 05:14:38', '2023-05-19 22:48:44'),
(59, 5, 'Jam, arloji', 'とけい', 0, '2023-05-18 05:15:18', '2023-05-19 22:48:05'),
(60, 5, 'Payung', 'かさ', 0, '2023-05-18 05:15:48', '2023-05-19 22:53:50'),
(61, 5, 'Tas', 'かばん', 0, '2023-05-18 05:15:59', '2023-05-19 22:56:01'),
(62, 5, 'Televisi', 'テレビ', 0, '2023-05-18 05:17:13', '2023-05-19 22:48:32'),
(63, 5, 'Radio', 'ラジオ', 0, '2023-05-18 05:17:32', '2023-05-19 23:02:38'),
(64, 5, 'Kamera', 'カメラ', 0, '2023-05-18 05:17:50', '2023-05-19 22:51:58'),
(65, 5, 'Komputer', 'コンピューター', 0, '2023-05-18 05:18:19', '2023-05-19 23:00:10'),
(66, 5, 'Mobil', 'くるま', 0, '2023-05-18 05:18:45', '2023-05-19 22:55:13'),
(67, 5, 'Meja, meja tulis', 'つくえ', 0, '2023-05-18 05:19:17', '2023-05-19 22:52:17'),
(68, 5, 'Kursi', 'いす', 0, '2023-05-18 05:19:34', '2023-05-19 23:02:15'),
(69, 5, 'Coklat', 'チョコレート', 0, '2023-05-18 05:20:15', '2023-05-19 22:57:49'),
(70, 5, 'Kopi', 'コーヒー', 0, '2023-05-18 05:20:41', '2023-05-19 22:57:25'),
(71, 5, 'Oleh-oleh', 'おみやげ', 0, '2023-05-18 05:21:06', '2023-05-19 22:50:14'),
(72, 5, 'Bahasa Inggris', 'えいご(えい語)', 0, '2023-05-18 05:21:27', '2023-05-19 23:00:33'),
(73, 5, 'Bahasa Jepang', 'にほんご(日本語)', 0, '2023-05-18 05:21:48', '2023-05-19 22:59:20'),
(74, 5, 'Bahasa ~', '~ご', 0, '2023-05-18 05:22:09', '2023-05-19 22:55:02'),
(75, 5, 'Apa', 'なん', 0, '2023-05-18 05:22:23', '2023-05-19 22:49:10'),
(76, 5, 'Begitu', 'そう', 0, '2023-05-18 05:22:40', '2023-05-19 22:58:32'),
(77, 5, 'Eee... (ungkapan yang digunakan kepada lawan bicara dalam perasaan ragu-ragu)', 'あのう', 0, '2023-05-18 05:23:34', '2023-05-19 22:48:20'),
(78, 5, 'Eh...(dipakai ketika mendengar sesuatu diluar dugaan)', 'えっ', 0, '2023-05-18 05:24:24', '2023-05-19 22:58:58'),
(79, 5, 'Silahkan (digunakan untuk menawarkan barang)', 'どうぞ', 0, '2023-05-18 05:24:54', '2023-05-19 22:54:48'),
(80, 5, 'Terima kasih (banyak)', '「どうも」ありがとう「ございます」', 0, '2023-05-18 05:25:36', '2023-05-19 22:55:49'),
(81, 5, 'O, begitu/O, ya', 'そうですか', 0, '2023-05-18 05:26:14', '2023-05-19 22:58:09'),
(82, 5, 'Bukan/tidak/salah', 'ちがいます', 0, '2023-05-18 05:26:51', '2023-05-19 22:54:12'),
(83, 5, 'O, eh (dipakai ketika sadar)', 'あ', 0, '2023-05-18 05:27:19', '2023-05-19 22:57:33'),
(84, 5, 'Mulai sekarang saya akan meminta bantuannya', 'これからおせわになります', 0, '2023-05-18 05:29:30', '2023-05-19 23:03:52'),
(85, 5, 'Ya, sama-sama (jawaban terhadap \"mulai sekarang saya akan meminta bantuannya\")', 'こちらこそ「どうぞ」よろしく「おねがいします」', 0, '2023-05-18 05:31:02', '2023-05-19 23:02:07'),
(86, 6, 'Sini', 'ここ', 0, '2023-05-18 07:12:14', '2023-05-20 02:11:29'),
(87, 6, 'Situ', 'そこ', 0, '2023-05-18 07:12:41', '2023-05-20 02:09:11'),
(88, 6, 'Sana', 'あそこ', 0, '2023-05-18 07:13:01', '2023-05-20 02:10:40'),
(91, 6, 'Dimana', 'どこ', 0, '2023-05-18 07:15:01', '2023-05-20 02:16:33'),
(92, 6, 'Sini (sopan)', 'こちら', 0, '2023-05-18 07:15:24', '2023-05-20 02:22:05'),
(93, 6, 'Situ (sopan)', 'そちら', 0, '2023-05-18 07:15:51', '2023-05-20 02:16:54'),
(94, 6, 'Sana (sopan)', 'あちら', 0, '2023-05-18 07:16:09', '2023-05-20 02:18:06'),
(95, 6, 'Dimana (sopan)', 'どちら', 0, '2023-05-18 07:16:30', '2023-05-20 02:17:06'),
(96, 6, 'Ruang kelas', 'きょしつ', 0, '2023-05-18 07:16:57', '2023-05-20 02:07:28'),
(97, 6, 'Ruang makan, rumah makan, kantin', 'しょくどう', 0, '2023-05-18 07:17:33', '2023-05-20 02:22:33'),
(98, 6, 'Kantor', 'じむしょ', 0, '2023-05-18 07:18:32', '2023-05-20 02:17:26'),
(99, 6, 'Ruang Rapat', 'かいざしつ', 0, '2023-05-18 07:19:13', '2023-05-20 02:20:02'),
(100, 6, 'Meja Informasi', 'うけつけ', 0, '2023-05-18 07:19:55', '2023-05-20 02:11:09'),
(101, 6, 'Ruang tunggu, lobi', 'ロビー', 0, '2023-05-18 07:20:38', '2023-05-20 02:23:16'),
(102, 6, 'Kamar', 'へや', 0, '2023-05-18 07:21:52', '2023-05-20 02:19:13'),
(103, 6, 'Kamar kecil, toilet, WC.', 'といれ　/ おてあらい', 0, '2023-05-18 07:22:53', '2023-05-20 02:08:08'),
(104, 6, 'Tangga', 'かいだん', 0, '2023-05-18 07:23:32', '2023-05-20 02:09:01'),
(105, 6, 'Lift', 'エレベーター', 0, '2023-05-18 07:24:04', '2023-05-20 02:07:08'),
(106, 6, 'Tangga berjalan, eskalator', 'エスカレーター', 0, '2023-05-18 07:25:14', '2023-05-20 02:08:36'),
(107, 6, 'Telepon', 'でんわ', 0, '2023-05-18 07:25:35', '2023-05-20 02:21:38'),
(108, 6, 'Negara, negeri', '「お」くに', 0, '2023-05-18 07:27:43', '2023-05-20 02:21:55'),
(109, 6, 'Perusahaan', 'かいしゃ', 0, '2023-05-18 07:28:05', '2023-05-20 02:06:38'),
(110, 6, 'Rumah', 'うち', 0, '2023-05-18 07:28:25', '2023-05-20 02:12:11'),
(111, 6, 'Sepatu', 'くつ', 0, '2023-05-18 07:28:46', '2023-05-20 02:10:54'),
(112, 6, 'Dasi', 'ネクタイ', 0, '2023-05-18 07:29:10', '2023-05-20 02:11:21'),
(113, 6, 'Anggur', 'ワイン', 0, '2023-05-18 07:29:30', '2023-05-20 02:11:54'),
(114, 6, 'Tempat penjualan', 'うりば', 0, '2023-05-18 07:29:56', '2023-05-20 02:11:45'),
(115, 6, 'Bawah tanah, basement', 'ちか', 0, '2023-05-18 07:30:25', '2023-05-20 02:22:17'),
(116, 6, 'Lantai -, tingkat -', '～かい（～がい）', 0, '2023-05-18 07:31:04', '2023-05-20 02:19:27'),
(117, 6, 'Lantai berapa?, tingkat berapa?', 'なんがい', 0, '2023-05-18 07:31:41', '2023-05-20 02:21:25'),
(118, 6, '~yen', '～えん', 0, '2023-05-18 07:32:03', '2023-05-20 02:22:43'),
(119, 6, 'Berapa', 'いくら', 0, '2023-05-18 07:32:15', '2023-05-20 02:10:28'),
(120, 6, 'Ratus', 'ひゃく', 0, '2023-05-18 07:34:21', '2023-05-20 02:19:36'),
(121, 6, 'Ribu', 'せん', 0, '2023-05-18 07:34:48', '2023-05-20 02:10:19'),
(122, 6, 'Puluh ribu', 'まん', 0, '2023-05-18 07:35:08', '2023-05-20 02:12:04'),
(123, 6, 'Maaf/permisi', 'すみません', 0, '2023-05-18 07:35:32', '2023-05-20 02:06:27'),
(124, 6, 'Terima kasih', 'どうも', 0, '2023-05-18 07:35:54', '2023-05-20 02:20:54'),
(125, 6, 'Selamat datang/bisa saya bantu？', 'いらっしゃいませ', 0, '2023-05-18 07:37:14', '2023-05-20 02:21:12'),
(126, 6, 'Tolong perlihatkan', '「～お」みせてください', 0, '2023-05-18 07:38:06', '2023-05-20 02:18:45'),
(127, 6, 'Baiklah, kalau begitu', 'じゃ', 0, '2023-05-18 07:38:32', '2023-05-20 02:16:42'),
(128, 6, 'Minta [~]/Tolong berikan [~]', '「～お」ください', 0, '2023-05-18 07:39:15', '2023-05-20 02:09:59'),
(129, 6, 'Italia', 'イタリア', 0, '2023-05-18 07:40:07', '2023-05-20 02:06:50'),
(130, 6, 'Swiss', 'スイス', 0, '2023-05-18 07:40:22', '2023-05-20 02:10:48'),
(131, 6, 'Perancis', 'フランス', 0, '2023-05-18 07:40:46', '2023-05-20 02:20:13'),
(132, 6, 'Jakarta', 'ジャカルタ', 0, '2023-05-18 07:41:06', '2023-05-20 02:17:55'),
(133, 6, 'Bangkok', 'バンコク', 0, '2023-05-18 07:41:40', '2023-05-20 02:20:31'),
(134, 6, 'Berlin', 'ベルリン', 0, '2023-05-18 07:42:04', '2023-05-20 02:19:05'),
(135, 7, 'Bangun', 'おきます', 0, '2023-05-18 07:43:28', '2023-05-20 15:38:24'),
(136, 7, 'Tidur', 'ねます', 0, '2023-05-18 07:43:57', '2023-05-20 16:09:55'),
(137, 7, 'Bekerja', 'はたらきます', 0, '2023-05-18 07:44:23', '2023-05-20 15:41:48'),
(138, 7, 'Beristirahat, libur', 'やすみます', 0, '2023-05-18 07:44:52', '2023-05-20 16:03:51'),
(139, 7, 'Belajar', 'べんきょうします', 0, '2023-05-18 07:45:19', '2023-05-20 15:42:06'),
(140, 7, 'Selesai', 'おわります', 0, '2023-05-18 07:57:02', '2023-05-20 16:01:48'),
(141, 7, 'Toserba', 'チバート', 0, '2023-05-18 07:58:01', '2023-05-20 15:44:06'),
(142, 7, 'Bank', 'ぎんこう', 0, '2023-05-18 08:02:28', '2023-05-20 15:42:34'),
(143, 7, 'Kantor pos', 'ゆうびんきょく', 0, '2023-05-18 08:06:08', '2023-05-20 16:12:54'),
(144, 7, 'Perpustakaan', 'としょかん', 0, '2023-05-18 08:07:21', '2023-05-20 15:42:21'),
(145, 7, 'Gedung kesenian', 'びじゅつかん', 0, '2023-05-18 08:08:16', '2023-05-20 16:00:36'),
(146, 7, 'Sekarang', 'いま', 0, '2023-05-18 08:08:41', '2023-05-20 16:00:15'),
(147, 7, 'Jam -, pukul -', '～じ', 0, '2023-05-18 08:09:35', '2023-05-20 16:08:29'),
(148, 7, '~ menit', '~ ぶん', 0, '2023-05-18 08:11:22', '2023-05-20 15:45:48'),
(149, 7, 'Setengah', 'はん', 0, '2023-05-18 08:11:58', '2023-05-20 15:42:45'),
(150, 7, 'Jam berapa, pukul berapa', 'なんじ', 0, '2023-05-18 08:12:26', '2023-05-20 15:46:17'),
(151, 7, 'Berapa menit?', 'なんぶん', 0, '2023-05-18 08:13:29', '2023-05-20 15:57:40'),
(152, 7, 'a.m. (waktu sebelum jam 12 siang)', 'ごぜん', 0, '2023-05-18 08:14:25', '2023-05-20 16:06:29'),
(153, 7, 'p.m. (waktu setelah jam 12 siang)', 'ごご', 0, '2023-05-18 08:15:07', '2023-05-20 15:57:55'),
(154, 7, 'Pagi', 'あさ', 0, '2023-05-18 08:15:42', '2023-05-20 16:07:48'),
(155, 7, 'Siang', 'ひる', 0, '2023-05-18 08:16:00', '2023-05-20 16:09:21'),
(156, 7, 'Malam', 'ばん（よる）', 0, '2023-05-18 08:16:54', '2023-05-20 15:37:42'),
(157, 7, 'Dua hari yang lalu, kemarin lusa', 'おととい', 0, '2023-05-18 08:17:40', '2023-05-20 15:58:14'),
(158, 7, 'Kemarin', 'きのう', 0, '2023-05-18 08:18:02', '2023-05-20 16:04:05'),
(159, 7, 'Hari ini', 'きょう', 0, '2023-05-18 08:18:22', '2023-05-20 15:57:18'),
(160, 7, 'Besok', 'あした', 0, '2023-05-18 08:19:19', '2023-05-20 16:08:42'),
(161, 7, 'Lusa', 'あさって', 0, '2023-05-18 08:19:49', '2023-05-20 15:58:31'),
(162, 7, 'Pagi ini, tadi pagi', 'けさ', 0, '2023-05-18 08:20:12', '2023-05-20 15:43:46'),
(163, 7, 'Malam ini, nanti malam', 'こんばん', 0, '2023-05-18 08:20:44', '2023-05-20 15:57:00'),
(164, 7, 'Istirahat, cuti, libur', 'やすみ', 0, '2023-05-18 08:21:15', '2023-05-20 16:13:53'),
(165, 7, 'Istirahat siang', 'ひるやすみ', 0, '2023-05-18 08:21:44', '2023-05-20 15:43:11'),
(166, 7, 'Ujian', 'しけん', 0, '2023-05-18 08:22:06', '2023-05-20 16:09:42'),
(167, 7, 'Rapat (~o shimasu: mengadakan rapat)', 'かいざ', 0, '2023-05-18 08:23:38', '2023-05-20 16:05:12'),
(168, 7, 'Film', 'えいが', 0, '2023-05-18 08:23:49', '2023-05-20 16:12:27'),
(169, 7, 'Setiap pagi', 'まいあさ', 0, '2023-05-18 08:24:10', '2023-05-20 16:07:06'),
(170, 7, 'Setiap malam', 'まいばん', 0, '2023-05-18 08:24:34', '2023-05-20 16:09:04'),
(171, 7, 'Setiap hari', 'まいにち', 0, '2023-05-18 08:24:55', '2023-05-20 15:45:12'),
(172, 7, 'Hari Senin', 'げつようび', 0, '2023-05-18 08:25:21', '2023-05-20 15:46:02'),
(173, 7, 'Hari Selasa', 'かようび', 0, '2023-05-18 08:25:43', '2023-05-20 15:44:25'),
(174, 7, 'Hari Rabu', 'すいようび', 0, '2023-05-18 08:26:03', '2023-05-20 16:13:36'),
(175, 7, 'Hari Kamis', 'もくようび', 0, '2023-05-18 08:26:25', '2023-05-20 15:39:03'),
(176, 7, 'Hari Jumat', 'きんょうび', 0, '2023-05-18 08:26:53', '2023-05-20 16:00:01'),
(177, 7, 'Hari Sabtu', 'どようび', 0, '2023-05-18 08:27:46', '2023-05-20 16:08:03'),
(178, 7, 'Hari Minggu', 'にちようび', 0, '2023-05-18 08:28:20', '2023-05-20 16:08:21'),
(179, 7, 'Hari apa?', 'なんようび', 0, '2023-05-18 08:29:05', '2023-05-20 15:38:44'),
(180, 7, 'dari ~', '~ から', 0, '2023-05-18 08:29:49', '2023-05-20 16:06:01'),
(181, 7, 'Sampai ~', '～まで', 0, '2023-05-18 08:30:16', '2023-05-20 15:45:30'),
(182, 7, '~ dan ~ (digunakan untuk menyambung kata benda)', 'と', 0, '2023-05-18 08:31:00', '2023-05-20 16:09:12'),
(183, 7, 'O, berat ya', 'たいへんですね', 0, '2023-05-18 08:31:37', '2023-05-20 16:01:30'),
(184, 7, 'Nomor', 'ばんごう', 0, '2023-05-18 08:31:56', '2023-05-20 15:44:56'),
(185, 7, 'Nomor berapa?', 'なんばん', 0, '2023-05-18 08:32:33', '2023-05-20 16:13:12'),
(186, 7, 'Disitu', 'そちら', 0, '2023-05-18 08:33:02', '2023-05-20 15:44:42'),
(187, 7, 'New York', 'ニューヨーク', 0, '2023-05-18 08:33:45', '2023-05-20 16:06:50'),
(188, 7, 'Beijing', 'ベキン', 0, '2023-05-18 08:34:19', '2023-05-20 15:43:36'),
(189, 7, 'Los Angels', 'ロサンゼルス', 0, '2023-05-18 08:35:38', '2023-05-20 16:12:15'),
(190, 7, 'London', 'ロンドン', 0, '2023-05-18 08:36:02', '2023-05-20 16:05:49'),
(191, 8, 'Pergi', 'いきます', 0, '2023-05-18 08:38:12', '2023-05-20 22:51:34'),
(192, 8, 'Datang', 'きます', 0, '2023-05-18 08:38:33', '2023-05-20 22:39:17'),
(193, 8, 'Pulang', 'かえります', 0, '2023-05-18 08:38:53', '2023-05-20 21:30:07'),
(194, 8, 'Sekolah', 'がっこう', 0, '2023-05-18 08:39:17', '2023-05-20 22:44:15'),
(195, 8, 'Pasar Swalayan', 'スーバー', 0, '2023-05-18 08:40:04', '2023-05-20 21:32:56'),
(196, 8, 'Stasiun', 'えき', 0, '2023-05-18 08:40:28', '2023-05-20 22:51:57'),
(197, 8, 'Pesawat terbang', 'ひこうき', 0, '2023-05-18 08:41:00', '2023-05-20 22:40:27'),
(198, 8, 'Kapal Laut', 'ふね', 0, '2023-05-18 08:41:20', '2023-05-20 22:39:05'),
(199, 8, 'Kereta rel listrik', 'てんしゃ', 0, '2023-05-18 08:41:50', '2023-05-20 22:51:44'),
(200, 8, 'Kereta bawah tanah', 'ちかてつ', 0, '2023-05-18 08:42:19', '2023-05-20 22:38:14'),
(201, 8, 'Kereta cepat', 'しかんせん', 0, '2023-05-18 08:42:48', '2023-05-20 22:50:54'),
(202, 8, 'Bus', 'バス', 0, '2023-05-18 08:44:41', '2023-05-20 22:52:05'),
(203, 8, 'Taksi', 'タクシー', 0, '2023-05-18 08:45:00', '2023-05-20 22:52:18'),
(204, 8, 'Sepeda', 'じてんしゃ', 0, '2023-05-18 08:45:30', '2023-05-20 21:33:25'),
(205, 8, 'Dengan berjalan kaki', 'あるいて', 0, '2023-05-18 08:47:03', '2023-05-20 21:35:55'),
(206, 8, 'Orang', 'ひと', 0, '2023-05-18 08:47:19', '2023-05-20 22:50:09'),
(207, 8, 'Teman', 'ともだち', 0, '2023-05-18 08:47:42', '2023-05-20 22:42:13'),
(208, 8, 'Dia, ia (laki-laki)', 'かれ', 0, '2023-05-18 08:48:16', '2023-05-20 21:36:04'),
(209, 8, 'Dia, ia (perempuan)', 'かのじょ', 0, '2023-05-18 08:48:47', '2023-05-20 22:37:56'),
(210, 8, 'Keluarga', 'かぞく', 0, '2023-05-18 08:49:03', '2023-05-20 21:33:10'),
(211, 8, 'Sendirian, dengan sendiri', 'ひとりで', 0, '2023-05-18 08:49:34', '2023-05-20 21:29:54'),
(212, 8, 'Minggu lalu', 'せんしゅう', 0, '2023-05-18 08:50:01', '2023-05-20 22:45:57'),
(213, 8, 'Minggu ini', 'こんしゅう', 0, '2023-05-18 08:50:34', '2023-05-20 22:43:55'),
(214, 8, 'Minggu depan', 'らいしゅう', 0, '2023-05-18 08:51:06', '2023-05-20 21:35:16'),
(215, 8, 'Bulan lalu', 'せんげつ', 0, '2023-05-18 08:51:40', '2023-05-20 22:51:11'),
(216, 8, 'Bulan ini', 'こんげつ', 0, '2023-05-18 08:52:00', '2023-05-20 22:49:01'),
(217, 8, 'Bulan depan', 'らいげつ', 0, '2023-05-18 08:52:31', '2023-05-20 22:47:46'),
(218, 8, 'Tahun lalu', 'きょうねん', 0, '2023-05-18 08:53:00', '2023-05-20 22:44:55'),
(219, 8, 'Tahun ini', 'ことし', 0, '2023-05-18 08:53:13', '2023-05-20 21:31:55'),
(220, 8, 'Tahun depan', 'らいねん', 0, '2023-05-18 08:53:44', '2023-05-20 21:34:25'),
(221, 8, 'Tahun ~', '~ ねん', 0, '2023-05-18 08:54:13', '2023-05-20 22:46:34'),
(222, 8, 'Tahun berapa', 'なんねん', 0, '2023-05-18 08:54:40', '2023-05-20 22:42:40'),
(223, 8, 'Bulan ~', '～げつ', 0, '2023-05-18 08:55:06', '2023-05-20 22:49:09'),
(224, 8, 'Bulan apa', 'なんげつ', 0, '2023-05-18 08:55:22', '2023-05-20 21:30:18'),
(225, 8, 'Tanggal 1', 'ついたち', 0, '2023-05-18 15:12:25', '2023-05-20 21:29:42'),
(226, 8, 'Tanggal 2, dua hari', 'ふつか', 0, '2023-05-18 15:12:55', '2023-05-20 22:50:02'),
(227, 8, 'Tanggal tiga, tiga hari', 'みっか', 0, '2023-05-18 15:13:22', '2023-05-20 21:35:35'),
(228, 8, 'Tanggal empat, empat hari', 'よっか', 0, '2023-05-18 15:13:58', '2023-05-20 22:41:49'),
(229, 8, 'Tanggal lima, lima hari', 'いっか', 0, '2023-05-18 15:14:33', '2023-05-20 22:47:33'),
(230, 8, 'Tanggal enam, enam hari', 'むいか', 0, '2023-05-18 15:15:23', '2023-05-20 22:48:05'),
(231, 8, 'Tanggal tujuh, tujuh hari', 'なのか', 0, '2023-05-18 15:15:57', '2023-05-20 22:38:37'),
(232, 8, 'Tanggal delapan, delapan hari', 'ようか', 0, '2023-05-18 15:16:23', '2023-05-20 22:49:35'),
(233, 8, 'Tanggal sembilan, sembilan hari', 'ここのか', 0, '2023-05-18 15:17:01', '2023-05-20 22:46:24'),
(234, 8, 'Tanggal 10, 10 hari', 'とおか', 0, '2023-05-18 15:17:40', '2023-05-20 21:31:11'),
(235, 8, 'Tanggal 14, 14 hari', 'じゅうよっか', 0, '2023-05-18 15:18:24', '2023-05-20 22:37:27'),
(236, 8, 'Tanggal 20, 20 hari', 'はつか', 0, '2023-05-18 15:18:55', '2023-05-20 21:32:17'),
(237, 8, 'Tanggal 24, 24 hari', 'にじゅうよっか', 0, '2023-05-18 15:19:23', '2023-05-20 22:47:21'),
(238, 8, 'Tanggal ~, ~ hari', 'ーにち', 0, '2023-05-18 15:20:11', '2023-05-20 21:30:28'),
(239, 8, 'Tanggal berapa, berapa hari', 'なんにち', 0, '2023-05-18 15:21:07', '2023-05-20 22:52:28'),
(240, 8, 'Kapan', 'いつ', 0, '2023-05-18 15:21:20', '2023-05-20 21:33:58'),
(241, 8, 'Hari ulang tahun', 'たんじょうび', 0, '2023-05-18 15:21:47', '2023-05-20 21:30:42'),
(242, 8, 'Ya betul/ya begitulah', 'そうですね', 0, '2023-05-18 15:22:16', '2023-05-20 21:31:42'),
(243, 8, 'Terima kasih [banyak]', '「どうも」　ありがとう　ございます', 0, '2023-05-18 15:23:09', '2023-05-20 22:52:52'),
(244, 8, 'Sama-sama', 'どういたしまして', 0, '2023-05-18 15:23:45', '2023-05-20 22:46:51'),
(245, 8, 'Peron, nomor -', '-はんせん', 0, '2023-05-18 15:25:01', '2023-05-20 21:31:27'),
(246, 8, 'Yang berikutnya', 'つぎの', 0, '2023-05-18 15:25:51', '2023-05-20 21:30:54'),
(247, 8, 'Biasa', 'ふつう', 0, '2023-05-18 15:26:40', '2023-05-20 22:38:55'),
(248, 8, 'Ekspress', 'きゅうこう', 0, '2023-05-18 15:27:14', '2023-05-20 22:45:24'),
(249, 8, 'Super Ekspress', 'とっきゅう', 0, '2023-05-18 15:28:23', '2023-05-20 22:50:33'),
(250, 9, 'Makan', 'たべます', 0, '2023-05-18 15:55:46', '2023-05-18 15:55:46'),
(251, 9, 'Minum', 'のみます', 0, '2023-05-18 15:56:01', '2023-05-18 15:56:01'),
(252, 9, 'Menghisap [rokok]. merokok', 'すいます「たばこを～」', 0, '2023-05-18 15:58:03', '2023-05-18 15:58:03'),
(253, 9, 'Melihat, menonton', 'みます', 0, '2023-05-18 15:59:09', '2023-05-18 15:59:09'),
(254, 9, 'Mendengar', 'ききます', 0, '2023-05-18 16:01:19', '2023-05-18 16:01:19'),
(255, 9, 'Menulis, menggambar (Kakimasu juga bermaksud menggambar tetapi dalam buku ini yang dimaksud menggambar itu tertulis dengan hiragana)', 'かきます', 0, '2023-05-18 16:02:13', '2023-05-18 16:02:13'),
(256, 9, 'Membeli', 'かいます', 0, '2023-05-18 16:05:09', '2023-05-18 16:05:09'),
(257, 9, 'Mengambil [foto]', 'とります', 0, '2023-05-18 16:09:47', '2023-05-18 16:09:47'),
(258, 9, 'Mengerjakan, melakukan, berbuat', 'します', 0, '2023-05-18 16:11:01', '2023-05-18 16:11:01'),
(259, 9, 'Bertemu [dengan teman]', 'おいます「ともだちに～」', 0, '2023-05-18 16:11:52', '2023-05-18 16:11:52'),
(260, 9, 'Nasi', 'ごはん', 0, '2023-05-18 16:14:29', '2023-05-18 16:14:29'),
(261, 9, 'Sarapan', 'あさごはん', 0, '2023-05-18 16:14:51', '2023-05-18 16:14:51'),
(262, 9, 'Makan siang', 'ひるごはんごはん', 0, '2023-05-18 16:15:13', '2023-05-18 16:15:13'),
(263, 9, 'Makan malam', 'ばんごはん', 0, '2023-05-18 16:15:33', '2023-05-18 16:15:33'),
(264, 9, 'Roti', 'バン', 0, '2023-05-18 16:16:21', '2023-05-18 16:16:21'),
(265, 9, 'Telur', 'たまご', 0, '2023-05-18 16:16:43', '2023-05-18 16:16:43'),
(266, 9, 'Daging', 'にく', 0, '2023-05-18 16:17:04', '2023-05-18 16:17:04'),
(267, 9, 'Ikan', 'さかな', 0, '2023-05-18 16:17:16', '2023-05-18 16:17:16'),
(268, 9, 'Sayur', 'やさい', 0, '2023-05-18 16:17:31', '2023-05-18 16:17:31'),
(269, 9, 'Buah-buahan', 'くだもの', 0, '2023-05-18 16:17:54', '2023-05-18 16:17:54'),
(270, 9, 'Air', 'みず', 0, '2023-05-18 16:20:32', '2023-05-18 16:20:32'),
(271, 9, 'Teh, teh Jepang (teh hijau)', 'おちゃ', 0, '2023-05-18 16:21:05', '2023-05-18 16:21:05'),
(272, 9, 'Teh', 'こうちゃ', 0, '2023-05-18 16:23:15', '2023-05-18 16:23:15'),
(273, 9, 'Susu', 'ぎゅにゅう（ミルク）', 0, '2023-05-18 16:24:25', '2023-05-18 16:24:25'),
(274, 9, 'Jus, sari buah', 'ジュース', 0, '2023-05-18 16:25:14', '2023-05-18 16:25:14'),
(275, 9, 'Bir', 'ビール', 0, '2023-05-18 16:26:17', '2023-05-18 16:26:17'),
(276, 9, 'Minuman keras', '「お」さけ', 0, '2023-05-18 16:27:12', '2023-05-18 16:27:12'),
(277, 9, 'Rokok', 'たばこ', 0, '2023-05-18 16:27:27', '2023-05-18 16:27:27'),
(278, 9, 'Surat', 'てがみ', 0, '2023-05-18 16:27:41', '2023-05-18 16:27:41'),
(279, 9, 'Laporan', 'レポト', 0, '2023-05-18 16:28:14', '2023-05-18 16:28:14'),
(280, 9, 'Foto', 'しゃしん', 0, '2023-05-18 16:28:47', '2023-05-18 16:28:47'),
(281, 9, 'Kaset video, VHS', 'ビデオ', 0, '2023-05-18 16:30:42', '2023-05-18 16:30:42'),
(282, 9, 'Toko', 'みせ', 0, '2023-05-18 16:31:18', '2023-05-18 16:31:18'),
(283, 9, 'Halaman', 'にわ', 0, '2023-05-18 16:31:33', '2023-05-18 16:31:33'),
(284, 9, 'Pekerjaan rumah, PR', 'じゅくだい', 0, '2023-05-18 16:31:59', '2023-05-18 16:31:59'),
(285, 9, 'Tenis', 'テニス', 0, '2023-05-18 16:32:21', '2023-05-18 16:32:21'),
(286, 9, 'Sepak bola', 'サッカー', 0, '2023-05-18 16:33:25', '2023-05-18 16:33:25'),
(287, 9, 'Menikmati bunga sakura', '「お」はなみ', 0, '2023-05-18 16:33:53', '2023-05-18 16:33:53'),
(288, 9, 'Apa', 'なに', 0, '2023-05-18 16:34:04', '2023-05-18 16:34:04'),
(289, 9, 'Bersama-sama', 'いしょに', 0, '2023-05-18 16:34:48', '2023-05-18 16:34:48'),
(290, 9, 'Sebentar, sedikit', 'ちょっと', 0, '2023-05-18 16:35:21', '2023-05-18 16:35:21'),
(291, 9, 'Selalu', 'いつも', 0, '2023-05-18 16:35:42', '2023-05-18 16:35:42'),
(292, 9, 'Kadang-kadang', 'ときどき', 0, '2023-05-18 16:36:08', '2023-05-18 16:36:08'),
(293, 9, 'Setelah itu, kemudian', 'それから', 0, '2023-05-18 16:36:29', '2023-05-18 16:36:29'),
(294, 9, 'Ya', 'ええ', 0, '2023-05-18 16:36:52', '2023-05-18 16:36:52'),
(295, 9, 'Bagus ya/baik ya', 'いいですね', 0, '2023-05-18 16:51:39', '2023-05-18 16:51:39'),
(296, 9, 'Mengerti/baik', 'わかりました', 0, '2023-05-18 16:52:08', '2023-05-18 16:52:08'),
(297, 9, 'Apa?', 'なんですか？', 0, '2023-05-18 16:52:21', '2023-05-18 16:52:21'),
(298, 9, 'Ok, sampai jumpa [besok]', 'じゃ、　また　「あした」', 0, '2023-05-18 16:53:11', '2023-05-18 16:53:11'),
(299, 9, 'Meksiko', 'メキシコ', 0, '2023-05-18 16:53:34', '2023-05-18 16:53:34'),
(300, 10, 'Memotong', 'きります', 0, '2023-05-18 19:29:56', '2023-05-18 19:29:56'),
(301, 10, 'Mengirim', 'おくります', 0, '2023-05-18 19:30:22', '2023-05-18 19:30:22'),
(302, 10, 'Memberikan', 'おげます', 0, '2023-05-18 19:30:48', '2023-05-18 19:30:48'),
(303, 10, 'Mendapatkan, menerima', 'もらいます', 0, '2023-05-18 19:31:11', '2023-05-18 19:31:11'),
(304, 10, 'Meminjamkan, menyewakan', 'かします', 0, '2023-05-18 19:32:18', '2023-05-18 19:32:18'),
(305, 10, 'Meminjam, menyewa', 'かります', 0, '2023-05-18 19:32:43', '2023-05-18 19:32:43'),
(306, 10, 'Mengajar', 'おしえます', 0, '2023-05-18 19:33:03', '2023-05-18 19:33:03'),
(307, 10, 'Belajar', 'ならいます', 0, '2023-05-18 19:33:22', '2023-05-18 19:33:22'),
(308, 10, 'Menelpon', 'かけます', 0, '2023-05-18 19:33:43', '2023-05-18 19:33:43'),
(309, 10, 'Tangan', 'て', 0, '2023-05-18 19:34:30', '2023-05-18 19:34:30'),
(310, 10, 'Sumpit', 'はし', 0, '2023-05-18 19:34:41', '2023-05-18 19:34:41'),
(311, 10, 'Sendok', 'スプーン', 0, '2023-05-18 19:35:13', '2023-05-18 19:35:13'),
(312, 10, 'Pisau', 'ナイフ', 0, '2023-05-18 19:35:55', '2023-05-18 19:35:55'),
(313, 10, 'Garpu', 'フォーク', 0, '2023-05-18 19:36:32', '2023-05-18 19:36:32'),
(314, 10, 'Gunting', 'はさみ', 0, '2023-05-18 19:37:00', '2023-05-18 19:37:00'),
(315, 10, 'Komputer, PC', 'バンコン', 0, '2023-05-18 19:39:45', '2023-05-18 19:39:45'),
(316, 10, 'HP', 'ケータイ', 0, '2023-05-18 19:40:08', '2023-05-18 19:40:08'),
(317, 10, 'E-mail', 'メール', 0, '2023-05-18 19:41:02', '2023-05-18 19:41:02'),
(318, 10, 'Kartu tahun baru', 'ねんがじょう', 0, '2023-05-18 19:43:22', '2023-05-18 19:43:22'),
(319, 10, 'Pelubang kertas', 'バンチ', 0, '2023-05-18 19:47:55', '2023-05-18 19:47:55'),
(320, 10, 'Staplar', 'ホッチキツ', 0, '2023-05-18 19:49:59', '2023-05-18 19:49:59'),
(321, 10, 'Selotip', 'セロテープ', 0, '2023-05-18 19:51:08', '2023-05-18 19:51:08'),
(322, 10, 'Penghapus karet', 'けしゴム', 0, '2023-05-18 20:01:13', '2023-05-18 20:01:13'),
(323, 10, 'Kertas', 'かみ', 0, '2023-05-18 20:01:42', '2023-05-18 20:01:42'),
(324, 10, 'Bunga', 'はな', 0, '2023-05-18 20:01:58', '2023-05-18 20:01:58'),
(325, 10, 'kemeja', 'シャツ', 0, '2023-05-18 20:02:47', '2023-05-18 20:02:47'),
(326, 10, 'Kado, hadiah', 'プレゼント', 0, '2023-05-18 20:03:23', '2023-05-18 20:03:23'),
(327, 10, 'Barang', 'にもつ', 0, '2023-05-18 20:03:51', '2023-05-18 20:03:51'),
(328, 10, 'Uang', 'おかね', 0, '2023-05-18 20:04:05', '2023-05-18 20:04:05'),
(329, 10, 'Karcis', 'きっぷ', 0, '2023-05-18 20:04:40', '2023-05-18 20:04:40'),
(330, 10, 'Natal', 'クリスマス', 0, '2023-05-18 20:04:57', '2023-05-18 20:04:57'),
(331, 10, 'Bapak, ayah', 'ちち', 0, '2023-05-18 20:05:23', '2023-05-18 20:05:23'),
(332, 10, 'Ibu', 'はは', 0, '2023-05-18 20:05:38', '2023-05-18 20:05:38'),
(333, 10, 'Bapak, ayah (ayah orang lain, dan digunakan untuk bapak kandung sendiri juga Ketika memanggilnya)', 'おとうさん', 0, '2023-05-18 20:06:40', '2023-05-18 20:06:40'),
(334, 10, 'Ibu (ibu orang lain, dan digunakan untuk ibu kandung sendiri juga Ketika memanggilnya)', 'おかあさん', 0, '2023-05-18 20:07:07', '2023-05-18 20:07:07'),
(335, 10, 'Sudah', 'もう', 0, '2023-05-18 20:07:23', '2023-05-18 20:07:23'),
(336, 10, 'Belum', 'まだ', 0, '2023-05-18 20:07:32', '2023-05-18 20:07:32'),
(337, 10, 'Mulai dari sikarang', 'これから', 0, '2023-05-18 20:07:49', '2023-05-18 20:07:49'),
(338, 10, '[~] bagus ya./[~] indah ya.', '「～」 すてきですね', 0, '2023-05-18 20:09:07', '2023-05-18 20:09:07'),
(339, 10, 'Selamat datang', 'いらっしゃいませ', 0, '2023-05-18 20:09:52', '2023-05-18 20:09:52'),
(340, 10, 'Silahkan masuk', 'どうぞ　おわがり　ください', 0, '2023-05-18 20:10:31', '2023-05-18 20:10:31'),
(341, 10, 'Bagaimana [~]? (Digunakan saat menawarkan sesuatu pada orang)', '「～は」いかがですか？', 0, '2023-05-18 20:12:18', '2023-05-18 20:12:18'),
(342, 10, 'Selamat makan! (Diucapkan sebelum minum dan makan makanan)', 'いただきます', 0, '2023-05-18 20:12:49', '2023-05-18 20:12:49'),
(343, 10, 'Terima kasih atas hidangannya (Diucapkan setelah minum dan makan makanan)', 'ごちそうさま「でした」', 0, '2023-05-18 20:13:42', '2023-05-18 20:13:42'),
(344, 10, 'Spanyol', 'スペイン', 0, '2023-05-18 20:14:05', '2023-05-18 20:14:05'),
(345, 11, 'Tampan, gagah, ganteng', 'ハンサム「な」', 0, '2023-05-18 21:24:16', '2023-05-18 21:24:16'),
(346, 11, 'Cantik, bersih', 'きれい「な」', 0, '2023-05-18 21:24:46', '2023-05-18 21:24:46'),
(347, 11, 'Sunyu, tenang', 'しずか「な」', 0, '2023-05-18 21:26:11', '2023-05-18 21:26:11'),
(348, 11, 'Ramai', 'にぎやかな', 0, '2023-05-18 21:26:39', '2023-05-18 21:26:39'),
(349, 11, 'Terkenal', 'ゆうめい「な」', 0, '2023-05-18 21:27:12', '2023-05-18 21:27:12'),
(350, 11, 'Baik hati (tidak digunakan untuk keluarga sendiri)', 'しんせつ「な」', 0, '2023-05-18 21:27:55', '2023-05-18 21:27:55'),
(351, 11, 'Sehat walafiat', 'げんき「な」', 0, '2023-05-18 21:28:28', '2023-05-18 21:28:28'),
(352, 11, 'Senggang', 'ひま「な」', 0, '2023-05-18 21:29:02', '2023-05-18 21:29:02'),
(353, 11, 'Praktis', 'べんり「な」んり「な」', 0, '2023-05-18 21:29:32', '2023-05-18 21:29:32'),
(354, 11, 'Bagus', 'すてき「な」', 0, '2023-05-18 21:29:49', '2023-05-18 21:29:49'),
(355, 11, 'Besar', 'おおきい', 0, '2023-05-18 23:26:03', '2023-05-18 23:26:03'),
(356, 11, 'Kecil', 'ちいさいさい', 0, '2023-05-19 00:29:24', '2023-05-19 00:29:24'),
(357, 11, 'Baru', 'あたらしい', 0, '2023-05-19 00:29:50', '2023-05-19 00:29:50'),
(358, 11, 'Lama, tua', 'ふるい', 0, '2023-05-19 00:30:17', '2023-05-19 00:30:17'),
(359, 11, 'Baik, bagus', 'いい（よい）', 0, '2023-05-19 00:30:51', '2023-05-19 00:30:51'),
(360, 11, 'Buruk, jelek', 'わるい', 0, '2023-05-19 00:31:16', '2023-05-19 00:31:16'),
(361, 11, 'Panas', 'あつい', 0, '2023-05-19 00:31:31', '2023-05-19 00:31:31'),
(362, 11, 'Dingin (mengungkapkan tentang suhu udara)', 'さむい', 0, '2023-05-19 00:33:42', '2023-05-19 00:33:42'),
(363, 11, 'Dingin (mengungkapkan tentang rasa benda)', 'つめたい', 0, '2023-05-19 00:34:41', '2023-05-19 00:34:41'),
(364, 11, 'Sulit, susah', 'むずかしい', 0, '2023-05-19 00:35:06', '2023-05-19 00:35:06'),
(365, 11, 'Mudah, gampang', 'やさしい', 0, '2023-05-19 00:36:55', '2023-05-19 00:36:55'),
(366, 11, 'Mahal, tinggi', 'たかい', 0, '2023-05-19 00:38:55', '2023-05-19 00:38:55'),
(367, 11, 'Murah', 'やすい', 0, '2023-05-19 00:39:13', '2023-05-19 00:39:13'),
(368, 11, 'Rendah', 'ひくい', 0, '2023-05-19 00:39:39', '2023-05-19 00:39:39'),
(369, 11, 'Menarik', 'おもしろい', 0, '2023-05-19 00:40:09', '2023-05-19 00:40:09'),
(370, 11, 'Enak', 'おいしい', 0, '2023-05-19 00:40:59', '2023-05-19 00:40:59'),
(371, 11, 'Sibuk', 'いそがしい', 0, '2023-05-19 00:41:22', '2023-05-19 00:41:22'),
(372, 11, 'Senang', 'たのしい', 0, '2023-05-19 00:41:48', '2023-05-19 00:41:48'),
(373, 11, 'Putih', 'しろい', 0, '2023-05-19 00:42:10', '2023-05-19 00:42:10'),
(374, 11, 'Hitam', 'くろい', 0, '2023-05-19 00:42:24', '2023-05-19 00:42:24'),
(375, 11, 'Merah', 'あかい', 0, '2023-05-19 00:42:41', '2023-05-19 00:42:41'),
(376, 11, 'Biru', 'あおい', 0, '2023-05-19 00:43:01', '2023-05-19 00:43:01'),
(377, 11, 'Sakura', 'さくら', 0, '2023-05-19 00:43:15', '2023-05-19 00:43:15'),
(378, 11, 'Gunung', 'やま', 0, '2023-05-19 00:43:35', '2023-05-19 00:43:35'),
(379, 11, 'Kota', 'まち', 0, '2023-05-19 00:44:02', '2023-05-19 00:44:02'),
(380, 11, 'Makanan', 'たべもの', 0, '2023-05-19 00:44:19', '2023-05-19 00:44:19'),
(381, 11, 'Tempat', 'ところ', 0, '2023-05-19 00:45:22', '2023-05-19 00:45:22'),
(382, 11, 'Asrama', 'りょう', 0, '2023-05-19 00:45:40', '2023-05-19 00:45:40'),
(383, 11, 'Restoran', 'レストラン', 0, '2023-05-19 00:46:05', '2023-05-19 00:46:05'),
(384, 11, 'Kehidupan', 'せいかつ', 0, '2023-05-19 00:46:36', '2023-05-19 00:46:36'),
(385, 11, 'Pekerjaan', '「お」しごと', 0, '2023-05-19 00:47:04', '2023-05-19 00:47:04'),
(386, 11, 'Bagaimana', 'どう', 0, '2023-05-19 00:47:23', '2023-05-19 00:47:23'),
(387, 11, 'Yang bagaimana ~', 'どんな～', 0, '2023-05-19 00:47:59', '2023-05-19 00:47:59'),
(388, 11, 'Sangat, ~ sekali', 'とても', 0, '2023-05-19 00:49:06', '2023-05-19 00:49:06'),
(389, 11, 'Kurang begitu ~, tidak begitu ~ (diikuti dengan kalimat negatif)', 'おまり', 0, '2023-05-19 00:49:59', '2023-05-19 00:49:59'),
(390, 11, 'Kemudian, dan (digunakan untuk menyambung kalimat)', 'そして', 0, '2023-05-19 00:50:35', '2023-05-19 00:50:35'),
(391, 11, '～、tetapi ~', '～が、～', 0, '2023-05-19 00:52:10', '2023-05-19 00:52:10'),
(392, 11, 'Apa kabar?', 'おげんきですか', 0, '2023-05-19 00:53:09', '2023-05-19 00:53:09'),
(393, 11, 'Bagaimana ya?', 'そうですね', 0, '2023-05-19 00:53:40', '2023-05-19 00:53:40'),
(394, 11, 'Mau tambah [~] secangkir lagi?', '「～」もういっばい　いかがですか？', 0, '2023-05-19 00:55:37', '2023-05-19 00:55:37'),
(395, 11, '[Tidak] terima kasih, saya sudah cukup.', '「いいえ」けっこうです', 0, '2023-05-19 00:56:27', '2023-05-19 00:56:27'),
(396, 11, 'Sudah ~[ya]', 'もう～です「ね」', 0, '2023-05-19 00:57:02', '2023-05-19 00:57:02'),
(397, 11, 'Maaf, saya mau pamit dulu.', 'そろそろ　しつれいします', 0, '2023-05-19 00:58:06', '2023-05-19 00:58:06'),
(398, 11, 'Sama-sama', 'いいえ', 0, '2023-05-19 01:36:28', '2023-05-19 01:36:28'),
(399, 11, 'Silahkan, datang lagi', 'またいらっしゃってください', 0, '2023-05-19 01:37:22', '2023-05-19 01:37:22'),
(400, 11, 'Shanghai', 'シャンハイ', 0, '2023-05-19 15:23:31', '2023-05-19 15:23:31'),
(401, 11, 'Kuil Kinkakuji', 'さんかくじんかくじ', 0, '2023-05-19 15:27:14', '2023-05-19 15:27:14'),
(402, 11, 'Taman Nara', 'ならこうえん', 0, '2023-05-19 15:27:45', '2023-05-19 15:27:45'),
(403, 11, 'Gunung Fuji', 'ふじさん', 0, '2023-05-19 15:28:22', '2023-05-19 15:28:22'),
(404, 11, 'Tujuh orang Samurai', 'しちにん　の　さむらい', 0, '2023-05-19 15:30:08', '2023-05-19 15:30:08'),
(405, 12, 'Mengerti', 'わかります', 0, '2023-05-19 15:31:12', '2023-05-19 15:31:12'),
(406, 12, 'Ada, mempunyai', 'あります', 0, '2023-05-19 15:31:36', '2023-05-19 15:31:36'),
(407, 12, 'Suka, gemar', 'すき「な」', 0, '2023-05-19 15:32:34', '2023-05-19 15:32:34'),
(408, 12, 'Tidak suka', 'きらい「な」', 0, '2023-05-19 15:32:57', '2023-05-19 15:32:57'),
(409, 12, 'Pandai, pintar', 'じょうず「な」', 0, '2023-05-19 15:33:28', '2023-05-19 15:33:28'),
(410, 12, 'Tidak pandai, tidak pintar', 'へた「な」', 0, '2023-05-19 15:34:05', '2023-05-19 15:34:05'),
(411, 12, 'Minuman', 'のみもの', 0, '2023-05-19 15:34:34', '2023-05-19 15:34:34'),
(412, 12, 'Masakan', 'りょうり', 0, '2023-05-19 15:34:55', '2023-05-19 15:34:55'),
(413, 12, 'Olahraga', 'スポーツ', 0, '2023-05-19 15:36:21', '2023-05-19 15:36:21'),
(414, 12, 'Baseball', 'やきゅう', 0, '2023-05-19 15:37:04', '2023-05-19 15:37:04'),
(415, 12, 'Dansa', 'ダンス', 0, '2023-05-19 15:57:13', '2023-05-19 15:57:13'),
(416, 12, 'Tamasya', 'りょこう', 0, '2023-05-19 15:58:00', '2023-05-19 15:58:00'),
(417, 12, 'Musik', 'おんがく', 0, '2023-05-19 15:59:58', '2023-05-19 15:59:58'),
(418, 12, 'Lagu', 'うた', 0, '2023-05-19 16:00:21', '2023-05-19 16:00:21'),
(419, 12, 'Klasik', 'クラシック', 0, '2023-05-19 16:01:01', '2023-05-19 16:01:01'),
(420, 12, 'Jazz', 'ジャズ', 0, '2023-05-19 16:01:36', '2023-05-19 16:01:36'),
(421, 12, 'Konser', 'コンセート', 0, '2023-05-19 16:02:13', '2023-05-19 16:02:13'),
(422, 12, 'Karaoke', 'カラオケ', 0, '2023-05-19 16:02:33', '2023-05-19 16:02:33'),
(423, 12, 'Kabuki (Salah satu drama tradisional Jepang)', 'かぶき', 0, '2023-05-19 16:03:59', '2023-05-19 16:03:59'),
(424, 12, 'Gambar', 'え', 0, '2023-05-19 16:04:30', '2023-05-19 16:04:30'),
(425, 12, 'Huruf', 'じ', 0, '2023-05-19 16:06:13', '2023-05-19 16:06:13'),
(426, 12, 'Kanji', 'かんじ', 0, '2023-05-19 16:11:15', '2023-05-19 16:11:15'),
(427, 12, 'Hiragana', 'ひらがな', 0, '2023-05-19 16:11:46', '2023-05-19 16:11:46'),
(428, 12, 'Katakana', 'かたかな', 0, '2023-05-19 16:12:36', '2023-05-19 16:12:36'),
(429, 12, 'Huruf latin', 'ローマジ', 0, '2023-05-19 16:13:20', '2023-05-19 16:13:20'),
(430, 12, 'Uang kecil, receh', 'こまかい　おかね', 0, '2023-05-19 16:14:03', '2023-05-19 16:14:03'),
(431, 12, 'Tiket', 'チケット', 0, '2023-05-19 16:14:37', '2023-05-19 16:14:37'),
(432, 12, 'Jam, waktu', 'じかん', 0, '2023-05-19 16:15:00', '2023-05-19 16:15:00'),
(433, 12, 'Urusan', 'ようじ', 0, '2023-05-19 16:15:20', '2023-05-19 16:15:20'),
(434, 12, 'Janji', 'やくそく', 0, '2023-05-19 16:15:40', '2023-05-19 16:15:40'),
(435, 12, 'Kerja paruh waktu', 'アルバイト', 0, '2023-05-19 16:16:55', '2023-05-19 16:16:55'),
(436, 12, 'Suami (digunakan untuk menyebutkan suami orang lain)', 'ごしゅじｎ', 0, '2023-05-19 16:17:56', '2023-05-19 16:17:56'),
(437, 12, 'Suami', 'おっと/しゅじん', 0, '2023-05-19 16:18:25', '2023-05-19 16:18:25'),
(438, 12, 'Istri (digunakan untuk menyebutkan istri orang lain)', 'おくさん', 0, '2023-05-19 16:18:58', '2023-05-19 16:18:58'),
(439, 12, 'Istri', 'つま/かない', 0, '2023-05-19 16:19:38', '2023-05-19 16:19:38'),
(440, 12, 'Anak', 'こども', 0, '2023-05-19 16:19:54', '2023-05-19 16:19:54'),
(441, 12, 'Dengan baik', 'よく', 0, '2023-05-19 16:20:25', '2023-05-19 16:20:25'),
(442, 12, 'Kira-kira', 'だいたい', 0, '2023-05-19 16:20:48', '2023-05-19 16:20:48'),
(443, 12, 'Banyak', 'たくさん', 0, '2023-05-19 16:21:09', '2023-05-19 16:21:09'),
(444, 12, 'Sedikit', 'すこし', 0, '2023-05-19 16:21:40', '2023-05-19 16:21:40'),
(445, 12, 'Sama sekali', 'ぜんぜん', 0, '2023-05-19 16:22:01', '2023-05-19 16:22:01'),
(446, 12, 'Dengan cepat', 'はやく', 0, '2023-05-19 16:22:21', '2023-05-19 16:22:21'),
(447, 12, '～karena, ~sebab', '～から', 0, '2023-05-19 16:22:48', '2023-05-19 16:22:48'),
(448, 12, 'Kenapa', 'どうして', 0, '2023-05-19 16:23:15', '2023-05-19 16:23:15'),
(449, 12, 'Tolong pinjamkan', 'かしてください', 0, '2023-05-19 16:24:00', '2023-05-19 16:24:00'),
(450, 12, 'Boleh', 'いいですよ', 0, '2023-05-19 16:24:53', '2023-05-19 16:24:53'),
(451, 12, 'Sayang sekali', 'さんねんです「が」', 0, '2023-05-19 16:26:43', '2023-05-19 16:26:43'),
(452, 12, 'Ah, oh', 'ああ', 0, '2023-05-19 16:27:11', '2023-05-19 16:27:11'),
(453, 12, 'Bagaimana kalau bersama-sama?', 'いしょにいかがですか', 0, '2023-05-19 16:27:44', '2023-05-19 16:27:44'),
(454, 12, 'Maaf ya, saya tidak bisa [~]', '[~ha]ちょっと。。。', 0, '2023-05-19 16:28:36', '2023-05-19 16:28:36'),
(455, 12, 'Tidak bisa ya? / Tidak boleh ya?', 'だめですか？', 0, '2023-05-19 16:29:05', '2023-05-19 16:29:05'),
(456, 12, 'Maaf, lain kali saja ... (Ungkapan untuk menolak ajakan orang secara tidak langsung dengan menjaga perasaan lawan bicara)', 'またこんどおねがいします', 0, '2023-05-19 16:30:44', '2023-05-19 16:30:44'),
(458, 18, 'Saya membaca buku', 'わたし　は　ほん　お　よみます', 0, '2023-05-21 05:40:06', '2023-05-21 05:58:45'),
(459, 18, 'Saya membeli surat kabar di stasiun', '私　は　えき　で　しんぶん　お　かいます', 0, '2023-05-21 05:42:28', '2023-05-21 05:51:38'),
(460, 18, 'Bagaimana kalau kita pergi ke Kobe bersama-sama', 'しょうに　こうべ　へ　いきませんか', 0, '2023-05-21 05:44:31', '2023-05-21 05:56:43'),
(461, 18, 'Mari istirahat sebentar.', 'ちょっと　やすみましょう', 0, '2023-05-21 05:45:34', '2023-05-21 05:50:09'),
(462, 18, 'Minum minuman keras?', 'おさけ　お　のみますか', 0, '2023-05-21 06:02:07', '2023-05-21 06:02:07'),
(463, 18, 'Tidak, tidak minum', 'いいえ、のみません', 0, '2023-05-21 06:03:16', '2023-05-21 06:03:16'),
(464, 18, 'Setiap pagi makan apa?', 'まいあさ、なに　お　たべますか', 0, '2023-05-21 06:04:35', '2023-05-21 06:04:35'),
(465, 18, 'Makan roti dan telur', 'パン　と　たまご　お　たべます', 0, '2023-05-21 06:05:55', '2023-05-21 06:05:55'),
(466, 18, 'Hari sabtu yang lalu melakukan apa?', 'どようび　なに　お　しました　か', 0, '2023-05-21 06:08:05', '2023-05-21 06:08:05'),
(467, 18, 'Belajar bahasa Jepang. Kemudian menonton film bersama dengan teman.', '日本語　お　べんきょうしました。それから　ともだち　と　えいが　お　みました。', 1, '2023-05-21 06:13:22', '2023-05-21 06:38:42'),
(468, 18, 'Dimana membeli tas itu?', 'どこ　で　その　かばん　お　かいましたか', 0, '2023-05-21 06:15:15', '2023-05-21 06:15:15'),
(469, 18, 'Di Meksiko.', 'メキシコ　デ　かいました。', 0, '2023-05-21 06:16:27', '2023-05-21 06:16:27'),
(470, 18, 'Bagaimana kalau besok kita bermain tenis?', 'あした　テニス　お　しませんか', 0, '2023-05-21 06:18:13', '2023-05-21 06:18:13'),
(471, 18, 'Bagus ya', 'ええ、いいですね', 0, '2023-05-21 06:18:50', '2023-05-21 06:18:50'),
(472, 18, 'Kita bertemu pada pukul 10 besok di stasiun.', 'あした　１０じ　に　えき　で　あいましょう', 1, '2023-05-21 06:23:00', '2023-05-21 06:31:16'),
(473, 18, 'Baik', 'わかりました', 0, '2023-05-21 06:27:23', '2023-05-21 06:27:23');

-- --------------------------------------------------------

--
-- Table structure for table `cards_group`
--

CREATE TABLE `cards_group` (
  `id` bigint(20) UNSIGNED NOT NULL,
  `card_group_language_id` bigint(20) UNSIGNED NOT NULL,
  `created_at` timestamp NULL DEFAULT NULL,
  `updated_at` timestamp NULL DEFAULT NULL
) ENGINE=InnoDB DEFAULT CHARSET=utf8mb4 COLLATE=utf8mb4_unicode_ci;

-- --------------------------------------------------------

--
-- Table structure for table `cards_name`
--

CREATE TABLE `cards_name` (
  `id` bigint(20) UNSIGNED NOT NULL,
  `cards_name_name` varchar(25) NOT NULL,
  `cards_name_group` bigint(20) UNSIGNED NOT NULL,
  `cards_name_description` text NOT NULL,
  `created_at` timestamp NULL DEFAULT NULL,
  `updated_at` timestamp NULL DEFAULT NULL
) ENGINE=InnoDB DEFAULT CHARSET=utf8mb4 COLLATE=utf8mb4_unicode_ci;

-- --------------------------------------------------------

--
-- Table structure for table `categories`
--

CREATE TABLE `categories` (
  `categories_id` int(10) UNSIGNED NOT NULL,
  `categories_languages_id` bigint(20) UNSIGNED NOT NULL,
  `categories_name` varchar(50) NOT NULL,
  `created_at` timestamp NULL DEFAULT NULL,
  `updated_at` timestamp NULL DEFAULT NULL
) ENGINE=InnoDB DEFAULT CHARSET=utf8mb4 COLLATE=utf8mb4_unicode_ci;

--
-- Dumping data for table `categories`
--

INSERT INTO `categories` (`categories_id`, `categories_languages_id`, `categories_name`, `created_at`, `updated_at`) VALUES
(4, 1, 'Pelajaran 1', '2023-05-18 01:54:02', '2023-05-18 01:54:02'),
(5, 1, 'Pelajaran 2', '2023-05-18 01:54:38', '2023-05-18 01:54:38'),
(6, 1, 'Pelajaran 3', '2023-05-18 01:54:48', '2023-05-18 01:54:48'),
(7, 1, 'Pelajaran 4', '2023-05-18 07:42:59', '2023-05-18 07:42:59'),
(8, 1, 'Pelajaran 5', '2023-05-18 08:37:12', '2023-05-18 08:37:12'),
(9, 1, 'Pelajaran 6', '2023-05-18 15:55:09', '2023-05-18 15:55:09'),
(10, 1, 'Pelajaran 7', '2023-05-18 19:28:43', '2023-05-18 19:28:43'),
(11, 1, 'Pelajaran 8', '2023-05-18 21:22:53', '2023-05-18 21:22:53'),
(12, 1, 'Pelajaran 9', '2023-05-19 15:30:43', '2023-05-19 15:30:43'),
(13, 6, 'Pelajaran 1', '2023-05-21 05:32:07', '2023-05-21 05:32:07'),
(14, 6, 'Pelajaran 2', '2023-05-21 05:32:13', '2023-05-21 05:32:13'),
(15, 6, 'Pelajaran 3', '2023-05-21 05:32:28', '2023-05-21 05:32:28'),
(16, 6, 'Pelajaran 4', '2023-05-21 05:32:43', '2023-05-21 05:32:43'),
(17, 6, 'Pelajaran 5', '2023-05-21 05:32:51', '2023-05-21 05:32:51'),
(18, 6, 'Pelajaran 6', '2023-05-21 05:38:31', '2023-05-21 05:38:31');

-- --------------------------------------------------------

--
-- Table structure for table `failed_jobs`
--

CREATE TABLE `failed_jobs` (
  `id` bigint(20) UNSIGNED NOT NULL,
  `uuid` varchar(255) NOT NULL,
  `connection` text NOT NULL,
  `queue` text NOT NULL,
  `payload` longtext NOT NULL,
  `exception` longtext NOT NULL,
  `failed_at` timestamp NOT NULL DEFAULT current_timestamp()
) ENGINE=InnoDB DEFAULT CHARSET=utf8mb4 COLLATE=utf8mb4_unicode_ci;

-- --------------------------------------------------------

--
-- Table structure for table `languages`
--

CREATE TABLE `languages` (
  `languages_id` bigint(20) UNSIGNED NOT NULL,
  `languages_name` varchar(50) NOT NULL,
  `created_at` timestamp NULL DEFAULT NULL,
  `updated_at` timestamp NULL DEFAULT NULL
) ENGINE=InnoDB DEFAULT CHARSET=utf8mb4 COLLATE=utf8mb4_unicode_ci;

--
-- Dumping data for table `languages`
--

INSERT INTO `languages` (`languages_id`, `languages_name`, `created_at`, `updated_at`) VALUES
(1, 'Jepang', '2023-05-16 18:41:18', '2023-05-16 18:41:18'),
(6, 'Jepang (contoh kalimat)', '2023-05-21 05:31:46', '2023-05-21 05:31:46');

-- --------------------------------------------------------

--
-- Table structure for table `migrations`
--

CREATE TABLE `migrations` (
  `id` int(10) UNSIGNED NOT NULL,
  `migration` varchar(255) NOT NULL,
  `batch` int(11) NOT NULL
) ENGINE=InnoDB DEFAULT CHARSET=utf8mb4 COLLATE=utf8mb4_unicode_ci;

--
-- Dumping data for table `migrations`
--

INSERT INTO `migrations` (`id`, `migration`, `batch`) VALUES
(1, '2014_10_12_000000_create_users_table', 1),
(2, '2014_10_12_100000_create_password_resets_table', 1),
(3, '2019_08_19_000000_create_failed_jobs_table', 1),
(4, '2019_12_14_000001_create_personal_access_tokens_table', 1),
(5, '2023_02_17_141519_create_languages_table', 1),
(6, '2023_02_17_141758_create_cards_group_table', 1),
(7, '2023_02_17_143204_create_cards_name_table', 1),
(8, '2023_02_17_141758_create_categories_table', 2),
(9, '2023_02_17_141759_create_categories_table', 3),
(10, '2023_02_17_141760_create_categories_table', 4);

-- --------------------------------------------------------

--
-- Table structure for table `password_resets`
--

CREATE TABLE `password_resets` (
  `email` varchar(255) NOT NULL,
  `token` varchar(255) NOT NULL,
  `created_at` timestamp NULL DEFAULT NULL
) ENGINE=InnoDB DEFAULT CHARSET=utf8mb4 COLLATE=utf8mb4_unicode_ci;

-- --------------------------------------------------------

--
-- Table structure for table `personal_access_tokens`
--

CREATE TABLE `personal_access_tokens` (
  `id` bigint(20) UNSIGNED NOT NULL,
  `tokenable_type` varchar(255) NOT NULL,
  `tokenable_id` bigint(20) UNSIGNED NOT NULL,
  `name` varchar(255) NOT NULL,
  `token` varchar(64) NOT NULL,
  `abilities` text DEFAULT NULL,
  `last_used_at` timestamp NULL DEFAULT NULL,
  `created_at` timestamp NULL DEFAULT NULL,
  `updated_at` timestamp NULL DEFAULT NULL
) ENGINE=InnoDB DEFAULT CHARSET=utf8mb4 COLLATE=utf8mb4_unicode_ci;

-- --------------------------------------------------------

--
-- Table structure for table `users`
--

CREATE TABLE `users` (
  `id` bigint(20) UNSIGNED NOT NULL,
  `name` varchar(255) NOT NULL,
  `email` varchar(255) NOT NULL,
  `email_verified_at` timestamp NULL DEFAULT NULL,
  `password` varchar(255) NOT NULL,
  `remember_token` varchar(100) DEFAULT NULL,
  `created_at` timestamp NULL DEFAULT NULL,
  `updated_at` timestamp NULL DEFAULT NULL
) ENGINE=InnoDB DEFAULT CHARSET=utf8mb4 COLLATE=utf8mb4_unicode_ci;

--
-- Indexes for dumped tables
--

--
-- Indexes for table `cards`
--
ALTER TABLE `cards`
  ADD PRIMARY KEY (`cards_id`);

--
-- Indexes for table `cards_group`
--
ALTER TABLE `cards_group`
  ADD PRIMARY KEY (`id`),
  ADD KEY `cards_group_card_group_language_id_foreign` (`card_group_language_id`);

--
-- Indexes for table `cards_name`
--
ALTER TABLE `cards_name`
  ADD PRIMARY KEY (`id`),
  ADD KEY `cards_name_cards_name_group_foreign` (`cards_name_group`);

--
-- Indexes for table `categories`
--
ALTER TABLE `categories`
  ADD PRIMARY KEY (`categories_id`),
  ADD KEY `categories_categories_languages_id_foreign` (`categories_languages_id`);

--
-- Indexes for table `failed_jobs`
--
ALTER TABLE `failed_jobs`
  ADD PRIMARY KEY (`id`),
  ADD UNIQUE KEY `failed_jobs_uuid_unique` (`uuid`);

--
-- Indexes for table `languages`
--
ALTER TABLE `languages`
  ADD PRIMARY KEY (`languages_id`);

--
-- Indexes for table `migrations`
--
ALTER TABLE `migrations`
  ADD PRIMARY KEY (`id`);

--
-- Indexes for table `password_resets`
--
ALTER TABLE `password_resets`
  ADD KEY `password_resets_email_index` (`email`);

--
-- Indexes for table `personal_access_tokens`
--
ALTER TABLE `personal_access_tokens`
  ADD PRIMARY KEY (`id`),
  ADD UNIQUE KEY `personal_access_tokens_token_unique` (`token`),
  ADD KEY `personal_access_tokens_tokenable_type_tokenable_id_index` (`tokenable_type`,`tokenable_id`);

--
-- Indexes for table `users`
--
ALTER TABLE `users`
  ADD PRIMARY KEY (`id`),
  ADD UNIQUE KEY `users_email_unique` (`email`);

--
-- AUTO_INCREMENT for dumped tables
--

--
-- AUTO_INCREMENT for table `cards`
--
ALTER TABLE `cards`
  MODIFY `cards_id` int(10) UNSIGNED NOT NULL AUTO_INCREMENT, AUTO_INCREMENT=474;

--
-- AUTO_INCREMENT for table `cards_group`
--
ALTER TABLE `cards_group`
  MODIFY `id` bigint(20) UNSIGNED NOT NULL AUTO_INCREMENT;

--
-- AUTO_INCREMENT for table `cards_name`
--
ALTER TABLE `cards_name`
  MODIFY `id` bigint(20) UNSIGNED NOT NULL AUTO_INCREMENT;

--
-- AUTO_INCREMENT for table `categories`
--
ALTER TABLE `categories`
  MODIFY `categories_id` int(10) UNSIGNED NOT NULL AUTO_INCREMENT, AUTO_INCREMENT=19;

--
-- AUTO_INCREMENT for table `failed_jobs`
--
ALTER TABLE `failed_jobs`
  MODIFY `id` bigint(20) UNSIGNED NOT NULL AUTO_INCREMENT;

--
-- AUTO_INCREMENT for table `languages`
--
ALTER TABLE `languages`
  MODIFY `languages_id` bigint(20) UNSIGNED NOT NULL AUTO_INCREMENT, AUTO_INCREMENT=7;

--
-- AUTO_INCREMENT for table `migrations`
--
ALTER TABLE `migrations`
  MODIFY `id` int(10) UNSIGNED NOT NULL AUTO_INCREMENT, AUTO_INCREMENT=11;

--
-- AUTO_INCREMENT for table `personal_access_tokens`
--
ALTER TABLE `personal_access_tokens`
  MODIFY `id` bigint(20) UNSIGNED NOT NULL AUTO_INCREMENT;

--
-- AUTO_INCREMENT for table `users`
--
ALTER TABLE `users`
  MODIFY `id` bigint(20) UNSIGNED NOT NULL AUTO_INCREMENT;

--
-- Constraints for dumped tables
--

--
-- Constraints for table `cards_group`
--
ALTER TABLE `cards_group`
  ADD CONSTRAINT `cards_group_card_group_language_id_foreign` FOREIGN KEY (`card_group_language_id`) REFERENCES `languages` (`languages_id`);

--
-- Constraints for table `cards_name`
--
ALTER TABLE `cards_name`
  ADD CONSTRAINT `cards_name_cards_name_group_foreign` FOREIGN KEY (`cards_name_group`) REFERENCES `cards_group` (`id`);

--
-- Constraints for table `categories`
--
ALTER TABLE `categories`
  ADD CONSTRAINT `categories_categories_languages_id_foreign` FOREIGN KEY (`categories_languages_id`) REFERENCES `languages` (`languages_id`);
COMMIT;

/*!40101 SET CHARACTER_SET_CLIENT=@OLD_CHARACTER_SET_CLIENT */;
/*!40101 SET CHARACTER_SET_RESULTS=@OLD_CHARACTER_SET_RESULTS */;
/*!40101 SET COLLATION_CONNECTION=@OLD_COLLATION_CONNECTION */;
